text,label
"Determine the optimal well spacing for a newly discovered oil reservoir with a formation factor of 0.8 mV/m and an average permeability of 50 mD, assuming a desired cumulative production of 10 million STB over a 10-year period. The reservoir is bounded by a horizontal faults with a strike length of 2 km and a dip length of 1 km. The well spacing is currently set at 400 meters, resulting in a production rate of 1,200 STB/D. However, the operator wants to increase the production rate by 20% while maintaining a stable reservoir pressure. What are the recommended well spacings and what are the corresponding production rates and reservoir pressures?",1
"The petrophysical properties of the unconsolidated sandstone reservoir in the South Parsons Field are characterized by an average porosity of 25% and a permeability of 500 mD. However, the presence of heavy metal ions in the formation water has been observed to significantly affect the scaling tendency, as indicated by the Langelier Saturation Index (LSI) calculations. Determine the critical scaling concentration for barium sulfate using the Hall plot method, assuming a reservoir temperature of 120°C and a salinity of 35 ppt.",1
"A dynamic reservoir model is being used to simulate the transient flow behavior of a gas condensate reservoir. The reservoir's permeability is heterogeneous and anisotropic, with a maximum permeability of 500 mD and a minimum permeability of 100 mD. The reservoir's porosity is 0.2, and the fluid's viscosity is 0.5 cP. The simulation results indicate that the reservoir's pressure is decreasing at a rate of 1.5 psi/day, and the condensate-gas ratio is increasing at a rate of 0.05 scf/bbl/day. What is the effect of the permeability anisotropy on the reservoir's productivity index?",1
"A petroleum company is considering the development of a new oil field with an estimated ultimate recovery (EUR) of 12 million barrels. The operating costs are expected to be $15 million per year, and the capital expenditure (CAPEX) is $100 million. The company is evaluating two different production strategies: a high-rate production (HRP) scenario with a production rate of 10,000 barrels per day (bbl/day) and a low-rate production (LRP) scenario with a production rate of 5,000 bbl/day. What are the estimated net present values (NPV) of the two production scenarios, assuming a discount rate of 10% and a production period of 10 years?",0
"What are the implications of non-Darcy flow on the design of a horizontal well in a low-permeability reservoir? Consider the effects of turbulence and pressure drop, and provide an example calculation to illustrate the difference in well performance between a laminar and turbulent flow regime.",1
"Assuming a 5-year production profile with an initial decline rate of 5% per annum, and a wellhead flowing pressure of 2,000 psi, estimate the production rate at 1,800 days using a type-curve analysis, and further calculate the cumulative production at the end of the fifth year, considering the effect of the decline rate on the overall production volume.",3
"A steady-state numerical simulation of a horizontal well with a constrained reservoir pressure is performed to determine the impact of changing the perforation interval on the well's total production rate. The well's production performance is evaluated using a dual-porosity model with variable skin factors, taking into account the effects of the reservoir's anisotropy, compaction, and non-Darcy flow. The simulated results indicate a 25% increase in the well's production rate when the perforation interval is optimized to match the well's most productive zone. Furthermore, the study reveals that the well's productivity index (PI) is directly proportional to the reservoir's permeability-thickness product (kh) and inversely proportional to the well's drainage radius (r_w).",1
"A gas processing facility employing a combination of cryogenic distillation and molecular sieves is being optimized for maximum ethane recovery. The optimization involves a thorough examination of the facility's current design, including the capacity and efficiency of the distillation columns, the sieves' selectivity and throughput, and the overall heat integration scheme. The objective is to minimize energy consumption and maximize the recovery of valuable ethane components while adhering to industry standards for safety and environmental sustainability. Specific design modifications are being considered to optimize the process, including the implementation of a hybrid adsorption-enhanced distillation technology.",3
"Design a water injection system for a mature oil field with a total active production of 20,000 barrels per day, considering the injection rate should not exceed 10% of the total production. The system must include a network of pipelines, pumps, and injection wells, with a maximum pressure drop of 500 psi across the entire system. Furthermore, the system should be designed to accommodate future expansion to handle an additional 5,000 barrels per day. Provide a detailed description of the system's components, including specifications for the pipelines, pumps, and injection wells, as well as a schematic diagram of the system.",3
"In order to optimize the production of a gas condensate reservoir, we need to analyze the impact of reservoir pressure decline on the condensate dropout and its subsequent effect on the gas-oil ratio (GOR). The reservoir is characterized by a high initial reservoir pressure of 4000 psia and a condensate saturation of 20%. The gas production rate is 10 MMscfd, and the condensate production rate is 500 BOPD. We can use the Standing-Katz correlation to estimate the condensate dropout as a function of reservoir pressure. However, this correlation assumes a constant gas-oil ratio, which may not be the case in this reservoir. Therefore, we need to consider the effect of gas-oil ratio on the condensate dropout using the Vasquez- Beggs correlation. Can we derive the expression for condensate dropout as a function of gas-oil ratio and reservoir pressure?",1
"Design a secondary separation train for a gas processing plant with a maximum inlet pressure of 2500 psig and a gas flow rate of 200 MMSCFD, considering the API 661 standard for gas-liquid separators and the NGL recovery efficiency of at least 95%. The train should be able to handle a liquid dropout of 10% and a gas molecular weight of 20.5 g/mol. Provide a detailed calculation of the tray spacing, liquid weir height, and inlet velocity, assuming a fluid dynamic similarity with a 1:10 scale model.",3
"Discuss the implications of the Couette-Taylor flow regime on the stability of concentric annular flow in horizontal wells, and how this affects the design of wellborecovery processes in heavy oil production.",6
"Determine the optimal design for a gas processing plant that can handle 500 million standard cubic feet per day (MMSCFD) of raw natural gas, with a composition of 80% methane, 15% ethane, and 5% other hydrocarbons. The plant should meet API 614 standards for shaft sealing and API 672 standards for seal lubrication. Additionally, the plant must operate at a maximum temperature of 180°F (82°C) and pressure of 1500 psig (103.4 barg). Consider the effects of condensate handling, dehydration, and gas sweetening on the overall design.",4
"Given a gas reservoir with an initial pressure of 4500 psi, a permeability of 100 mD, and a porosity of 20%, estimate the total gas in-place using the Arps gas-in-place equation. Assume a gas compressibility factor of 0.8 and a reservoir temperature of 200°F. Furthermore, consider the presence of a layer of high-permeability sandstone with a thickness of 30 feet and a permeability of 1000 mD. Compare the results with and without accounting for this high-permeability layer.",1
"Design a water-injection system for a mature oil field with high water-cut rates, considering the effects of pressure drop and fluid saturation on well performance, and ensure compliance with API 11D1 standards.",1
"Optimize the hydraulic fracturing treatment design for a vertically fractured, oil-bearing carbonate reservoir with a temperature range of 120°F to 150°F (49°C to 66°C) and an average permeability of 50 mD. Consider the effects of proppant embedment, heat transfer, and stress-dependent permeability. Develop a comprehensive mathematical model incorporating the following equations: Darcy's law, heat transfer equation, and a poroelastic constitutive model. Apply numerical methods to solve the system of equations and predict the effective permeability and fluid flow rates.",1
"Given a wellbore trajectory with a lateral section in a complex geology formation, describe the application of geomechanical modeling to optimize hydraulic fracturing design and predict potential wellbore stability issues.",1
"Analyze the impact of increasing water cut on the overall oil production in a mature offshore platform, considering the effects of reservoir heterogeneity and fluid properties. Assume a constant oil viscosity of 50 cP and water viscosity of 0.7 cP. Derive a mathematical model to predict the oil production decline curve, taking into account the varying water cut rates and its influence on the well's deliverability.",1
"Develop a comprehensive design for a seawater injection system for a mature offshore oil field, considering the current reservoir pressure of 250 bar, a seawater temperature of 25°C, and a flow rate of 100 m³/h, ensuring compliance with API 11S2 guidelines for subsea equipment design. Provide calculations for the heat exchanger sizing, piping layout, and system pressure drop, assuming a 10% uncertainty in the reservoir pressure. Additionally, outline the necessary safety features and emergency shutdown procedures for the system.",4
"Optimize the perforating strategy for a high-angle well in a carbonate reservoir to minimize sand production and maximize hydrocarbon recovery, considering the rock mechanical properties and the wellbore stress-dependent, with a horizontal wellbore  from the earth, a prelude to the life cycle of the well, our task is to engineer the perforation phase to unleash the hydrocarbons that have been trapped for millennia, under the immense pressure of the deep, we must strike a balance between maximizing production and controlling sand production.",1
"What are the primary factors influencing the selection of a fluid management system for a subsea oil production facility, considering the interaction between the fluid properties, the well production characteristics, and the facilities' operational constraints?",3
"The performance of a water injection project in a mature oilfield is hindered by an increasing decline rate of the water injectivity index. Considering the data provided on the reservoir's geological properties, fluid dynamics, and production history, discuss the potential causes and propose a conceptual framework for optimizing the water injection strategy.",1
"Design a natural gas sweetening facility using a combination of amine absorption and molecular sieves to achieve a CO2 removal efficiency of at least 90% and a hydrogen sulfide removal efficiency of at least 95%. Consider the following constraints: a gas flow rate of 1.5 MMSCFD, a pressure range of 100-500 psig, and a temperature range of 40-120°F. Provide a detailed process flow diagram, including equipment specifications and a control scheme.",4
"Optimize the hydraulic fracturing treatment design for a horizontal well in a tight gas sand formation by maximizing the fracture conductivity while minimizing the proppant requirements, considering the effects of stress-dependent permeability and the anisotropic reservoir properties. Assume a reservoir pressure of 3000 psi, a fracture length of 2000 ft, and a proppant concentration of 200 lb/ft^3.",1
"Develop a mathematical model to optimize the flow rate of a horizontal well in a layered reservoir with an anisotropic permeability tensor, taking into account the effects of gravitational segregation and non-Darcy flow. Assume the reservoir is a 100-meter thick, 500-meter long horizontal layer with an average porosity of 20% and an anisotropic permeability tensor kxx = 100 mD, kyy = 50 mD, and kzz = 20 mD. The fluid properties are ρf = 800 kg/m³ and μf = 0.5 cp. Use a finite difference grid with a cell size of 1 meter and solve the flow equations using the Peaceman and Rachford method.",1
"An oil company is considering a marginal field with an estimated ultimate recovery of 1.5 million barrels. Assuming a 20-year production period, an annual production decline rate of 10%, and a selling price of $60 per barrel, what is the estimated NPV of the project using the average annual rate of return (AARR) method? Additionally, what are the economic limit conditions, and how do they relate to the project's profitability?",0
"Estimate the remaining oil in place (ROIP) of a vertically fractured horizontal well in a layered reservoir using the integrated flow units (IFUs) method, assuming the well's drainage radius is 150 meters and the reservoir's porosity and permeability are 0.25 and 10 mD, respectively, with a uniform compressibility of 3.5 x 10^(-5) 1/psi and an average reservoir temperature of 120°C. Furthermore, consider the effect of the reservoir's layering on the oil's relative permeability.",1
"Optimize the hydraulic fracturing treatment design for a vertical well with a 2000 ft payzone and an initial reservoir pressure of 4000 psi, using a black oil model and a pseudopressure function to account for non-Darcy flow.",1
"Determine the optimal mud weight for a well in a formation with a pore pressure gradient of 0.85 psi/ft and a fracture gradient of 1.25 psi/ft, considering a maximum allowed overbalance pressure of 1.5 psi.",6
"Develop a comprehensive risk assessment for a newly installed flare knock-out drum in a downstream gas processing facility, incorporating factors such as flange leakage, high-pressure surges, and inadequate venting. The risk assessment should adhere to API 521 and utilize a Failure Mode and Effects Analysis (FMEA) approach.",5
"Determine the optimal drainage radius for a horizontal wellbore in a heterogenous, shale-gas reservoir with a permeability of 0.1 mD and a porosity of 10% using the Kraber-Kazemi equation, assuming a vertical stress of 14.7 MPa and a horizontal stress of 12.5 MPa.",1
"The incorporation of artificial intelligence and machine learning algorithms in oilfield operations has led to significant improvements in reservoir characterization. However, the accuracy of these models heavily relies on the quality and quantity of the input data, as well as the underlying geostatistical framework employed. Specifically, the application of Bayesian inference in conditional simulation has been shown to improve the estimation of uncertainty in reservoir properties, particularly in the context of complex geological systems.",1
"Given a gas well with a constant flow rate of 5000 scf/day and a reservoir pressure of 2000 psia, determine the well's deliverability index and its relation to the formation permeability (k) using the Fetkovich model, assuming a reservoir temperature of 180°F and a total compressibility of 2.5e-5 psi^-1.",1
"A real-option analysis is performed on a marginal oil field with an estimated 5 million barrels of recoverable reserves. The field's production decline rate is modeled using an exponential curve with a half-life of 2 years. The development costs are estimated to be $50 million upfront, with a subsequent capital expenditure of $10 million every 2 years. The project's uncertainty is reflected in the oil price volatility, which is modeled as a geometric Brownian motion with a drift of 5% and volatility of 20%. The project's net present value (NPV) is calculated using a discount rate of 10%.",0
"Determine the optimal drilling fluid density for a shale gas well with a vertical section of 5000 ft and a horizontal section of 3000 ft, assuming a shale gas formation with a porosity of 15% and a permeability of 10 mD. The drilling fluid's rheological properties are defined by the power-law model, with a consistency index of 10 Pa·s^n and a flow behavior index of 0.5. The well is to be drilled with a 12 1/4 in. drill bit and a rotation speed of 100 rpm. Estimate the equivalent circulating density (ECD) of the drilling fluid at a flow rate of 500 bbl/min.",6
"The proposed design for the new offshore platform incorporates a novel combination of a three-phase separator and a gas-liquid cyclone to enhance oil-gas separation efficiency, while also minimizing the risk of two-phase flow in the export lines. This innovative approach leverages the principles of multiphase flow dynamics and computational fluid dynamics (CFD) simulations to optimize the platform's layout and piping configuration. However, the use of a higher pressure drop across the gas-liquid cyclone may result in a significant increase in the power consumption of the platform's compression system. To mitigate this effect, a detailed thermodynamic analysis of the system should be conducted to identify the optimal operating conditions and compression system configuration.",3
"A hydrocarbon reservoir is experiencing water breakthrough, causing a significant reduction in production. To mitigate this issue, the reservoir engineers are considering implementing a water-gas-separation (WGS) unit downstream of the production wells. Calculate the minimum required compression ratio for the WGS unit to ensure a 90% removal of water from the produced gas stream, given a gas flow rate of 1.2 million standard cubic feet per day (MMscfd) and a water cut of 25%. Additionally, discuss the potential effects of CO2 on the WGS unit's performance and propose any necessary adjustments to the design.",3
"Analyze the feasibility of deploying a coiled tubing unit for a high-temperature wellbore cleanup operation in a 30-degree directional well with a wellbore temperature of 375°F (190°C) and a reservoir pressure of 3,200 psi. Consider the coiled tubing unit's design limitations, fluid loss control, and the potential for scale formation during the operation. Assume the wellbore diameter is 4.5 inches and the coiled tubing unit's maximum operating pressure is 5,000 psi.",2
"Analyze the thermal stability of a reservoir containing a mixture of heavy and light oil components under varying temperature conditions, using the Gibbs free energy minimization approach to predict phase behavior and calculate the optimal operating conditions for oil production.",1
"Design a sweet spot for a gas processing plant in a harsh arctic environment, considering the effects of permafrost, high winds, and low temperatures on equipment selection, layout, and maintenance. The plant will process 100 MMSCFD of gas, with a 10% hydrogen sulfide content. Assume a 20-year design life and an annual operating period of 8 months.",4
"Analyze the effect of temperature and pressure on oil viscosity in a reservoir with a temperature range of 90°F to 140°F and a pressure range of 1500 psi to 3000 psi, and determine the optimal drilling mud weight to prevent wellbore instability.",6
"Consider a horizontal well with a moderate permeability reservoir (k = 100 mD), a length of 1000 meters, and a wellbore radius of 0.1 meters. Assuming a linear flow regime, derive an expression for the cumulative oil production (Np) as a function of time (t), and compare the results with the pseudoradial flow regime using the diffusivity equation and the van Everdingen-Hurst model.",1
"Analyze the impact of temperature-dependent fluid properties on the multiphase flow behavior in a horizontal wellbore, considering the effects of oil viscosity, gas compressibility, and water density.",1
Analyze the feasibility of installing a seismic acquisition system on a jack-up rig operating in a harsh Arctic environment with ice floes and a water depth of 30 meters. Consider the implications of wave motion on the rig's stability and the impact of cold temperatures on equipment performance.,6
"Develop a comprehensive well intervention plan for a horizontal oil well experiencing severe production decline due to scaled-up formation damage in the 12-15 inch perforated zone, assuming a 3,000-foot lateral length and 9.5-inch production tubing. Consider the optimal perforation density and stimulation strategy to restore 80% of the well's original production capacity.",2
"Develop a robust method to predict the impact of non-Darcy flow on well productivity in a heterogeneous formation, considering the effects of tortuosity, porosity, and permeability anisotropy.",1
"Develop a mathematical model to predict the impact of varying inclination angles on the drag coefficient of a horizontal wellbore in a heterogeneous reservoir with a non-Newtonian fluid. Assume the wellbore radius is 0.1 m, the fluid viscosity is 10 Pa·s at 25°C, and the reservoir permeability varies exponentially with depth according to the equation k(z) = k0 \* exp(-α \* z), where k0 = 100 mD, α = 0.05 m^-1, and z ranges from 2000 m to 3000 m.",1
"Design a scale-down model of a hydraulic fracturing system to mimic the flow behavior of a 5,000-foot deep well with a 6-inch diameter casing, considering the effects of non-Newtonian fluid rheology and the impact of proppant injection on fracture conductivity.",6
"Calculate the critical velocity for a gas well with a perforation length of 100 meters, a reservoir pressure of 70 bar, and a fluid viscosity of 0.5 cp, using the following equation: vc = sqrt((2 * p * L) / (ρ * f)), where p is the reservoir pressure, L is the perforation length, ρ is the fluid density, and f is the Fanning friction factor, which can be calculated using the Colebrook equation: 1/√f = -2 * log10(k/D * (ε/D) + 2.51/Re√f)",6
"A novel approach to directional drilling involves employing a combination of Pseudo-Static Temperature (PST) and Pressure-Volume-Temperature (PVT) modeling to optimize the placement of horizontal wells in a heterogeneous reservoir. The reservoir is characterized by a complex geological structure, comprising alternating layers of low-permeability shale and high-permeability sandstone. The goal is to maximize hydrocarbon recovery while minimizing the risk of wellbore instability and formation damage. To achieve this, a comprehensive reservoir simulation study is conducted, utilizing a 3D numerical model to simulate the thermal-hydraulic behavior of the reservoir.",1
"Optimize the pipe-in-pipe (PIP) system design for the Brae Alpha oil field platform, considering the sea bed terrain and extreme weather conditions. Incorporate the API 11D1 standard for subsea pipelines and ensure the system can withstand 30-year storms with a 2% probability of exceedance. Determine the optimal PIP configuration, including inner and outer pipe diameters, wall thickness, and material selection, to minimize the risk of erosion and corrosion while maintaining a high flow rate.",4
"Calculate the present value of a 5-year investment in a petroleum project with an initial cost of $10 million, annual operating costs of $3 million, and expected cash flows of $8 million, $12 million, $15 million, $18 million, and $20 million, respectively, using a discount rate of 10% and assuming a 5% inflation rate. Compare the results with a 7% discount rate.",0
"Analyze the feasibility of employing a polymer flooding scheme to augment oil recovery in a mature waterflooded reservoir with a net pay zone of 20 feet, porosity of 25%, permeability of 500 millidarcies, and initial water cut of 70%.",1
"Design a natural gas processing plant with a capacity to handle 500 MMscfd of wet gas, utilizing a cryogenic separation process to produce 300 MMscfd of pipeline-quality gas, 50,000 bbls/d of liquefied petroleum gas (LPG), and 20,000 bbls/d of liquefied natural gas (LNG), while meeting API 614 and API 686 standards for rotating equipment and complying with ISO 13706-1 and ISO 13706-2 for piping and equipment design.",4
"What are the implications of applying a 2-year production decline curve for a shale oil well with a current production rate of 200 barrels per day, compared to a 5-year decline curve, in terms of reserves estimation and field development planning?",3
"Develop a comprehensive framework for evaluating the economic viability of Enhanced Oil Recovery (EOR) techniques in a mature oil field with a high-water-cut rate, considering a 10-year production forecast, a $100 million upfront investment, and a target rate of return of 20%. Assume a current oil price of $60/bbl and an average operating cost of $15/bbl.",0
"A comprehensive reservoir simulation model requires integration of geomechanical, geochemical, and petrophysical properties to accurately predict fluid flow and pressure responses in a heterogeneous, anisotropic, and anisotropically stressed reservoir. However, the influences of non-Darcy flow, capillary pressure, and poroelasticity often interact in complex ways, necessitating a hierarchical modeling strategy to capture these interdependencies.",1
"To calculate the optimal well spacing in a heterogeneous reservoir with a non-constant permeability field, we can employ the stochastic simulation method. This involves generating multiple realizations of the permeability distribution, and then running a numerical simulation for each realization. The ensemble of results can be used to determine the probability distribution of the well production rates. However, the accuracy of this approach is sensitive to the underlying geological model and the choice of simulation parameters. What are the key factors that influence the convergence of the stochastic simulation results?",1
"Considering a directional drilling operation in a heterogeneous reservoir, describe the effect of dogleg severity on wellbore tortuosity and its implications for mud weight management, taking into account the relationship between tortuosity and formation pore pressure.",6
Assess the risk of blowout in a wellbore due to a fault in the blowout preventer (BOP) and calculate the pressure increase in the well considering the fluid properties and the well's geometry.,6
The recent application of a non-Newtonian fluid rheology model to optimize wellborely pressure transient analysis in a mature offshore oil field has led to a significant increase in production. Analyze the impact of variable fluid viscosity on the well's performance and determine the optimal injection rate to achieve a 20% production boost.,3
"Compare the economic viability of water-injection and gas-injection Enhanced Oil Recovery (EOR) methods for a mature oil field with an estimated 10 million barrels of remaining reserves, given a production decline rate of 5% per annum and a current oil price of $60 per barrel.",0
"Analyze the impact of variable density of the reservoir rock on the transient pressure behavior in the context of a vertically-fractured well in a mature oil field with high salinity and high-temperature conditions, assuming the well is producing a black oil with an API gravity of 22.5° and a bubble point pressure of 2700 psia.",1
"What are the implications of a pressure-dependent permeability model on the fractional flow of oil and gas in a heterogeneous reservoir? Specifically, how does this impact the calculation of oil and gas production rates in a multi-phase flow scenario?",1
"An oil company is proposing to develop a new unconventional tight gas reservoir. The reservoir has a porosity of 10% and a permeability of 0.1 mD. The oil company plans to use a hydraulic fracturing treatment to increase production. However, the company is concerned about the potential for induced seismicity. What is the primary mechanism responsible for induced seismicity in hydraulic fracturing operations?",1
"What are the implications of non-Darcy flow on the pressure drop in a porous media, and how does it relate to the Forchheimer equation?",1
"Assuming a typical Middle East oil reservoir with a depth of 5 km, a temperature gradient of 25°C/km, and an in-situ oil density of 840 kg/m³, calculate the expected oil viscosity at 150°C using the Waxman-Smits equation, and subsequently apply the Viscosity-Pressure Correlation (VPC) equation to determine the oil viscosity at 100 bar.",1
"Assuming a two-phase flow in a horizontal well with a constant temperature of 120°C, calculate the pressure drop along the wellbore using the Lockhart-Martinelli correlation, considering a water cut of 30% and a flow rate of 500 m3/day. Compare the results with the Hagedorn and Brown correlation.",3
"Given a vertical well with a horizontal section of 300 meters and a total wellbore diameter of 0.1 meters, calculate the equivalent circulating density (ECD) for a 10.5 ppg mud weight at a pump rate of 1000 bbl/min, taking into account the frictional pressure losses due to the horizontal section.",6
A pressure transient analysis is performed on a vertical well in a tight gas reservoir with a permeability of 0.1 md and a porosity of 0.15. The well is completed in a 100 ft thick reservoir with a total compressibility of 4E-6 psi^-1 and a gas viscosity of 0.012 cp. What is the productivity index of the well at 3000 ft TVDSS?,1
"A drilling engineer needs to calculate the stress state of a wellbore in a reservoir with a pore pressure of 18.5 MPa, a formation fracture gradient of 0.65 g/cm^3, and a drilling fluid density of 1.2 g/cm^3. The wellbore is oriented at an angle of 45° and is subject to a mud weight of 10.5 ppg. Using the method of Ramey Jr. and Cobb (1971), derive the effective stress tensor and calculate the principal stresses in the wellbore.",6
"Optimize the design of a multilateral wellbore system in a depleted gas reservoir with a non-Darcy flow regime, taking into account the impact of skin factors and proppant flowback on the well's production performance.",1
"To what extent does the application of the API 6A standard for wellhead equipment impact the reliability of blowout preventers in high-pressure wells, particularly in scenarios involving well control emergencies?",6
"Given a homogeneous, isotropic, and impermeable reservoir with an initial pressure of 5000 psi and a porosity of 0.2, calculate the total compressibility of the reservoir using the equation: ΔVΔP = ΔΩΔP ΔVΔΩ. Assume a bulk modulus of 2.5 million psi and a pore volume compressibility of 2.5 x 10^(-5) psi^(-1).",1
"What is the optimal mud weight to apply during the drilling process for a well with a predicted maximum pore pressure of 18.5 ppg and a minimum fracture gradient of 0.75 psi/ft, considering the formation characteristics of a heterogeneous shale with a porosity of 15% and a permeability of 1.2 mD?",6
"What is the effect of adjusting the mud weight on the drilling efficiency, taking into account the frictional pressure losses and the equivalent circulating density (ECD) in a vertical wellbore with a 12.25-inch diameter and a 10000 ft depth, assuming a constant flow rate of 1000 bbl/min and a mud density of 10.5 ppg?",6
"Analyze the impact of a 10% increase in oil prices on the net present value (NPV) of a mature oilfield with 500 million barrels of remaining reserves, using a discounted cash flow (DCF) model and a 10-year production period, with an average annual production rate of 50 million barrels and a decline rate of 10% per year.",0
"Calculate the Net Present Value (NPV) of a project with a 5-year lifespan, where the initial investment is $10 million, annual operating costs are $5 million, and the expected annual production is 10,000 barrels with a market price of $70 per barrel. Assume a discount rate of 12%.",0
"The determination of the effective permeability of a rock core sample requires consideration of the absolute permeability, the pore throat radius, and the saturation level, taking into account the Klinkenberg effect and its implications on gas flow through porous media.",1
Analyze the feasibility of implementing a hydrodynamic separation process in a gas processing plant with a capacity of 100 MMSCFD to remove impurities and improve the quality of the natural gas.,3
"Compare and contrast the fundamentals of material balance equations in compositional and black oil modeling, and discuss their applications in primary depletion and water injection scenarios.",1
"A production engineer is tasked with optimizing the performance of a gas condensate well in a mature field. The well has been producing at a rate of 500 bbl/day for the past 6 months, with a gas-oil ratio (GOR) of 2500 scf/bbl. What would be the impact on production if the GOR increases by 20%?",3
"Determine the most suitable design for a natural gas processing plant based on the Sweet Gas Model, considering the effects of condensate dropout and liquid dropout on the plant's overall efficiency and capacity.",4
"Determine the NPV of a project with an initial investment of $10 million, expected cash flows of $2 million in year 1, $4 million in year 2, and $6 million in year 3, and a discount rate of 8%.",0
"A multiphase flow model is being utilized to simulate the transient behavior of a gas-lifted well in a heterogeneous reservoir with changing fluid properties. The simulation is being performed using a finite-element method to capture the complex interactions between the gas and liquid phases. However, the simulation is experiencing difficulties in accurately capturing the effects of the reservoir heterogeneity on the fluid flow behavior.",1
"Optimize the water-injection strategy for a mature waterflooded oil reservoir with a heterogeneous permeability distribution, taking into account the geological features of the reservoir and the current production rates. The reservoir is characterized by a 3D geological model with multiple facies and fractures. The goal is to maximize oil recovery while minimizing the risk of aquifer influx.",1
"The lubricity of drilling fluids can significantly impact the frictional pressure losses in extended-reach wells. However, the performance of these fluids is often compromised by the interaction with high-temperature/high-pressure (HTHP) reservoir fluids.",6
"Given a wellbore trajectory with a constant inclination of 70° and a constant azimuth of 30°, determine the wellbore position at a depth of 8,000 ft using the Frenet-Serret formulas, considering the Earth's curvature and assuming a mean radius of 3,963 mi.",6
"Analyze the implications of applying a probabilistic risk assessment framework on a brownfield offshore production platform with a complex network of subsea wells, taking into account the uncertainty in reservoir properties and production rates.",2
"A pressure transient analysis was conducted on a vertical well in a heterogeneous reservoir with a permeability distribution that follows a power-law model. Assuming a compressible fluid with a real gas index of 0.7 and a reservoir temperature of 180°F, calculate the skin factor using the van Everdingen-Hurst model.",1
"Determine the optimal pipeline flow assurance strategy for a 30-km-long, 0.5-m-diameter offshore pipeline transporting 120,000 barrels per day of produced water, considering the effects of sea floor topography, flow assurance additives, and cathodic protection.",4
"An oilfield developer is planning to produce 10 MMscfd of natural gas from a new well over the next 5 years. Using the constant decline rate model, and assuming a decline rate of 10% per annum, calculate the production rate at the end of each year. Compare the results to a model assuming a 5% decline rate.",3
"An oil well is experiencing a severe loss of fluid circulation during a cementing operation. The well's annulus pressure is 500 psi, and the drillpipe's internal pressure is 1500 psi. Using the principle of incompressible fluids and Bernoulli's equation, derive a mathematical expression for the flow rate of the drilling fluid through the annulus.",6
"The reservoir pressure decline curve exhibits a nonlinear behavior due to the presence of a fractured zone, which can be modeled using a modified form of the exponential decline equation, where the total compressibility of the system is a function of the fracture's permeability and the reservoir's average porosity.",1
"Analyze the feasibility of implementing a hydrogen sulfide scavenger system in a natural gas processing plant with a capacity of 500 million standard cubic feet per day, considering the system's capital expenditure, operating costs, and potential environmental benefits.",3
"Given a gas well with a maximum allowable working pressure (MAWP) of 5000 psi, calculate the minimum required wall thickness of the tubing string using the API 5C3 standard for a depth of 5000 ft, and account for the effects of pressure, temperature, and load due to the mud weight of 12 lb/gal.",6
"Compare the economic viability of a steam injection Enhanced Oil Recovery (EOR) project in a mature oil field with a decline rate of 20% per annum, using a base-case production profile with an initial production rate of 5000 bbl/day and a water cut of 50%. Assume a steam injection rate of 100,000 lbm/day, a condensate rate of 500 bbl/day, and a fuel gas rate of 1000 scf/day. Estimate the project's Net Present Value (NPV) using a discount rate of 10% and a time horizon of 10 years, considering both the technical and economic feasibility of the project.",0
"Consider a horizontal well with a 20-degree deviation and 5% tilt, drilled in a 5000 ft thick pay zone with an average permeability of 10 mD and porosity of 20%. Calculate the Darcy's velocity using the Forchheimer equation.",1
"Given a reservoir with a permeability of 100 mD and a porosity of 25%, calculate the effective permeability to oil after water breakthrough, assuming a water saturation of 40% and a residual oil saturation of 20% using the Van Genuchten model.",1
"Analyze the economic feasibility of a vertical oil well with an initial production rate of 500 barrels per day, a decline rate of 5% per month, and a 20-year expected lifespan, using a net present value (NPV) calculation with a 10% discount rate.",0
"Given a horizontal well with a length of 5000 ft, a drainage radius of 400 ft, and a total compressibility of 4.5 x 10^-6 psi^-1, calculate the total skin factor using the radial flow equation, assuming a permeability of 10 md and a porosity of 0.2.",1
"The well's stabilized sand production rate is negatively impacted by the interplay between the reservoir's initial porosity, the permeability of the sand facies, and the viscosity of the crude oil. To optimize production, we must consider the first-order effects of the reservoir's compressibility on the sand pack's critical velocity. Can you derive the governing equation for the non-Newtonian fluid flow through the porous media?",1
"A comprehensive risk assessment of the proposed well design for a deepwater subsea well in the North Sea must consider the potential for faults in the cement sheath and the subsequent impact on wellbore stability. The analysis should account for factors such as wellbore geometry, mud weight, and casing design. Provide a detailed explanation of how to incorporate the API Spec 7K standard for well cements into this analysis, including relevant equations and formulae.",1
"A recent study on the application of carbon capture and storage (CCS) technology in the context of enhanced oil recovery (EOR) has shown promising results in terms of both oil production increase and greenhouse gas emissions reduction. However, the implementation of CCS-EOR in existing oil fields is often hindered by factors such as high capital costs, operational complexity, and the need for significant infrastructure upgrades. In light of these challenges, we propose a novel hybrid approach combining CCS with electrical submersible pumps (ESPs) to enhance oil recovery and reduce environmental impact. The proposed system would involve the injection of CO2 into the reservoir, followed by the use of ESPs to extract the displaced oil. This hybrid approach has the potential to overcome the limitations of traditional CCS-EOR methods and provide a more efficient and cost-effective solution for oil field operators.",1
"Design a natural gas processing plant with a capacity of 500 million standard cubic feet per day, utilizing a three-stage separation process and incorporating a debutanizer column to produce a high-purity propane product. The plant should meet API 620 and ASME B31.3 design codes, and the debutanizer column should be designed to operate at a pressure of 350 psig and a temperature of 150°F. Calculate the required column diameter and height, and provide a detailed process flow diagram.",4
"Optimize the water-injection strategy for a gas-lifted well in a heavy oil reservoir with a permeability of 100 mD, a porosity of 25%, and a water saturation of 50%. Consider the effect of viscous fingering and gravity override on the water breakthrough time.",1
"Design a pipe-in-pipe system for a deepwater oil field with a production rate of 20,000 barrels per day, considering the effects of fluid expansion and contraction on the pipe's diameter and wall thickness, assuming a water depth of 1,500 meters and a temperature range of 2°C to 10°C.",3
"Analyze the optimal drilling mud weight for a well with a target formation depth of 10,000 ft, a pore pressure of 12.5 ppg, and a fracture gradient of 1.2 psi/ft, considering the API RP 13B-1 standard.",6
"Given a primary depletion model with a drainage area of 100 acres, a reservoir porosity of 0.25, and an initial reservoir pressure of 3000 psi, calculate the reservoir volumetric sweep efficiency after 5 years of primary depletion using the Arps' decline curve model. Assuming an initial reservoir oil rate of 500 bbl/day and a total compressibility of 4.2x10^-6 psi^-1.",1
"Develop a mathematical model to optimize the production of a horizontal well with a non-Darcy flow regime, accounting for the impact of the well's geometry and the reservoir's properties on the flow behavior.",1
"Determine the optimal wellbore trajectory for a horizontal well in a low-permeability reservoir with a heterogenous shale section, considering the effects of non-Darcy flow and turbulent flow on gas and liquid separation.",1
"Analyze the design requirements for a new offshore platform, considering factors such as seismic activity, water depth, and environmental regulations. Provide a detailed explanation of the necessary structural reinforcements and material selection for the platform's foundation and superstructure.",4
What is the impact of shale rock elastic modulus on the stress sensitivity of wellbore instability in horizontal drilling operations? Can you derive the formula for stress sensitivity and provide an example calculation for a shale rock sample with an elastic modulus of 10 GPa?,6
"Analyze the impact of a 30% reduction in mud density on the borehole stability in a deepwater drilling operation, considering the effects of temperature, pressure, and rock strength.",6
"Design a water injection system for a mature oil field with high water cut, ensuring the water injection rate is optimized to minimize the pressure drop across the injection wells while maintaining the reservoir pressure at 1500 psi.",3
"An increase in the rig count has led to a corresponding rise in the total capital expenditures for the upcoming quarter, with projections indicating a 25% increase in drilling costs due to the implementation of a new, more expensive drilling fluid. The impact on the company's cash flow will be significant, requiring a reevaluation of the current fiscal year's budget.",0
An oil and gas engineer is planning to perform a slickline fishing operation on a well. The engineer needs to calculate the volume of the wellbore and the tubing pressure drop during the operation. Please provide a step-by-step procedure and the necessary calculations to ensure a safe and successful operation.,2
"The operator must perform a quantitative risk assessment to identify potential hazards associated with the installation of a new subsea wellhead on a live production platform in the North Sea, taking into account the dynamic nature of the environment, the presence of subsea infrastructure, and the potential for human error.",5
"Compare and contrast the efficiency of polymer flooding and alkaline flooding in Enhanced Oil Recovery (EOR) techniques, considering the effects of salinity and temperature on the process.",1
Analyze the impact of changing the wellbore trajectory during the drilling process on the overall well production and the risk of mechanical issues. Consider the effects of varying the inclination angle from 30° to 60° on the stress concentration around the wellbore and the likelihood of sand production.,6
"Develop a Python script to calculate the hydrocarbon liquid volume in a separator using the separation factor, separator temperature, and gas and liquid densities, assuming a separator pressure of 1000 kPa and temperature of 45°C, and liquid and gas densities of 700 kg/m³ and 1.8 kg/m³, respectively, with a separation factor of 0.85.",3
"What are the implications of using a non-hydraulic piston pump versus a hydraulic piston pump in a high-temperature, high-pressure (HTHP) well drilling operation, considering the potential effects on fluid flow rates and wellbore stability?",6
"Calculate the discounted cash flow (DCF) valuation model for an offshore oil field development project with an estimated 10 million barrels of recoverable oil reserves, a production rate of 10,000 barrels per day, and an expected project lifespan of 10 years. Assume a 10% discount rate, $50 per barrel production cost, and a 20% tax rate. Provide a comprehensive step-by-step explanation of the DCF model, including the calculation of the net present value (NPV) and the internal rate of return (IRR).",0
"Determine the optimal mud weight for drilling a well in a high-pressure, high-temperature reservoir with a predicted pore pressure of 22.5 lb/gal and a fracture gradient of 1.5 psi/ft. Assume a horizontal well with a true vertical depth of 20,000 ft and a lateral length of 8,000 ft. Consider the effects of lost circulation zones and potential wellbore stability issues.",6
"What is the optimal discount rate to use in a levelized cost of supply (LCoS) analysis for a mature oil field with a 10-year production profile, considering a 10% annual inflation rate and a WACC of 8%?",0
"Given a prospective oil field with a 20% porosity, 1.5 million barrels of initial oil in place (STOIIP), a total compressibility of 1.2e-5 1/Pa, and a reservoir temperature of 120°C. Determine the oil column height required to maintain a bottom-hole pressure of 25 MPa using the Stone II model, assuming a vertical depth of 4 km and a fluid compressibility of 3e-6 1/Pa.",1
"Analyze the effect of varying the gas-oil ratio (GOR) on the efficiency of a gas lift system in a mature oil well, considering the impact of reservoir pressure depletion and wellbore friction. Please derive the mathematical model and provide a numerical example.",3
"Develop a Python script to calculate the average reservoir pressure at a given depth, taking into account the pressure gradient of 0.433 psi/ft and the density of the fluid as 62.3 lb/ft^3. The script should be able to handle different reservoir formations with varying pressure gradients.",1
"To optimize wellbore stability during drilling operations in a deepwater environment, we can utilize a combination of techniques involving drilling fluid selection, wellbore design, and real-time monitoring. Specifically, for a well located in the Gulf of Mexico at a depth of 35,000 ft, we can employ a high-viscosity mud system with a density of 12.5 lb/gal to maintain wellbore stability. However, to accurately determine the required mud weight, we must consider the geo-mechanical properties of the formation, including the unconfined compressive strength (UCS) and the Poisson's ratio. Assuming a UCS value of 10,000 psi and a Poisson's ratio of 0.25, we can use the following formula to estimate the required mud weight: π = π ∗ (1 - β), where π is the mud weight, β is the Poisson's ratio, and ρ is the UCS value. Given β = 0.25 and ρ = 10,000 psi, we can calculate the required mud weight as follows: π = 12.5 × (1 - 0.25) = 9.375 lb/gal. Therefore, we can conclude that the required mud weight for this well is 9.375 lb/gal to ensure wellbore stability during drilling operations.",6
Develop a computational model to predict the ultimate recovery of a black oil reservoir using the Arps decline curve method. Assume a hyperbolic decline pattern and provide step-by-step equations to calculate the predicted ultimate recovery.,1
"Design a well intervention plan for a production well experiencing water cut issues, incorporating fluid modeling to optimize the intervention strategy. Please detail the process and provide calculations for both genders, using the API RP 66 standard.",2
"Design a pipeline system to transport 500,000 barrels per day of crude oil from a production facility to a refining plant, ensuring compliance with API 1104 standards for weld inspection and API 650 standards for tank design, while minimizing the risk of corrosion and ensuring adequate drainage.",4
"What are the implications of applying a non-Newtonian fluid rheology model to well stimulation treatments in complex geological formations, particularly when utilizing a viscoelastic surfactant (VES) gel-based system? Provide a detailed analysis of the modified Herschel-Bulkley model and its applicability in field operations.",1
"What is the optimal way to apply the concept of real options valuation to evaluate the economic viability of a potential offshore oil field development project, considering the uncertainty associated with oil prices and production costs?",0
"Design a hydraulic fracturing treatment schedule for a well with a reservoir temperature of 180°C, permeability of 0.5 mD, and a target production rate of 500 bbl/day. Assume the well has a single perforation cluster and a 9 5/8'' casing diameter.",6
"A drilling team is planning to execute a sidetrack operation in a depleted reservoir with a current production rate of 1000 BOPD. Assuming a constant decline rate of 10% per annum, and an initial reservoir pressure of 3000 psi, calculate the optimal mud weight to prevent formation collapse during the drilling operation. Consider the following parameters: formation porosity = 25%, water saturation = 30%, and a maximum allowable mud weight of 16.5 ppg",6
"A pressure transient analysis of a vertical well in a homogeneous reservoir with a no-flow boundary condition at the top and a constant rate production at the bottom. Assuming a radial flow regime and neglecting gravity effects, derive the equation for the dimensionless pressure distribution.",1
"Determine the Net Present Value (NPV) of an oil well project with an initial investment of $10 million, a production rate of 500 barrels per day, a total production period of 5 years, a discount rate of 8%, and an oil price of $40 per barrel.",0
"Develop a mathematical model to predict the total gas production from a horizontal well in a tight gas reservoir, considering the effects of non-Darcy flow and gas compressibility. The well has a length of 1000 meters and a diameter of 0.1 meters. The reservoir pressure is 70 bar and the temperature is 80°C. The gas viscosity is 1.2 x 10^(-5) Pa·s. Assume a gas compressibility factor of 0.9 and a non-Darcy flow coefficient of 0.05.",1
"Optimize the water injection strategy for a mature offshore oil field with a complex geological structure, considering the effects of injection rate on oil displacement efficiency and the impact of reservoir heterogeneity on waterflood performance.",1
"Derive the equation for the skin factor in the homogeneous model for pressure drawdown in a radial flow regime, assuming a constant reservoir permeability and a finite compressibility of the reservoir fluid. Consider the effects of the skin factor on the reservoir inflow performance relationship (Ipr) curve.",1
"Calculate the Net Present Value (NPV) of a new oil well investment using a discount rate of 8% and a project lifespan of 5 years, assuming an initial investment of $5 million and a constant annual revenue of $2 million.",0
"Design a water injection system for a mature oil field with a high water cut, utilizing a 10-inch API 5L Grade X65 pipeline with a 12.7mm wall thickness, to transport 500,000 bbl/day of water from a seawater source to an injection well. Ensure the system meets the ASME B31.3 process piping code requirements.",3
Compare the outcomes of a waterflooding project in a homogeneous reservoir with permeability of 10 md and porosity of 20% versus a heterogeneous reservoir with permeability ranging from 5 md to 20 md and porosity ranging from 10% to 30%.,1
"A multi-phase flow meter in a production facility is measuring a gas flow rate of 500 m3/h with a pressure drop of 50 kPa and a temperature of 55°C. Assuming the gas is a mixture of methane and ethane with a molecular weight of 25 kg/kmol, calculate the mass flow rate of the gas using the Weymouth equation. Please derive the formula and provide step-by-step calculations.",3
"Given a 3D seismic data cube with a sampling interval of 12.5 meters in the x and y directions and 4 ms in the z direction, calculate the total volume of a gas reservoir with a porosity of 0.25 and a compressibility of 3.5 * 10^-5 1/kPa.",1
"What are the implications of applying a real options valuation model to oil price risk management, particularly in the context of contingent asset-based hedging strategies?",0
"A pressure-temperature plot (P-T phase diagram) is used in reservoir engineering to determine the phase behavior of reservoir fluids. Given a reservoir fluid with a dew point pressure of 2000 psia and a bubble point pressure of 1800 psia, calculate the critical pressure (Pc) using the Standing-Katz correlation.",1
"Design a drilling fluid system for a deepwater well in the Gulf of Mexico, taking into account the effects of high-pressure and high-temperature conditions on the fluid's rheological properties. Assume a well depth of 30,000 feet and a reservoir temperature of 250°F. Determine the optimal mud weight, yield point, and plastic viscosity for the drilling fluid.",6
"Consider a vertically fractured horizontal well in a tight oil reservoir with a 1000-meter long and 10-meter wide lateral section. Assuming a uniform fracture spacing of 30 meters and a wellbore storage coefficient of 0.05, calculate the dimensionless wellbore storage coefficient and its impact on the transient flow regime. Assume a reservoir pressure of 30 MPa, a wellbore pressure of 20 MPa, a fluid viscosity of 2 mPa.s, and a total compressibility of 3.5e-9 1/MPa. Additionally, consider the effect of a non-Darcy flow term on the wellbore storage coefficient.",1
"Design a gas processing facility for a sour gas well stream with a high hydrogen sulfide content, taking into account the API 618 standard for reciprocating compressors and the requirements for a safe and efficient operation.",4
"The formation velocity log indicates a deviation in the seismic data, suggesting a potential fault zone. However, the wellbore stability analysis reveals a region of unstable shale formations. The drill string design should account for the variable rock properties and associated drilling risks. What is the optimal mud weight to mitigate the risk of wellbore instability in this region?",6
What is the relationship between the Stoneley and shear wave velocities in a gas-saturated reservoir? Can you provide the relevant equations and assumptions?,1
"Design a gas processing plant with a capacity of 500 MMscfd, including a 3-stage separation process with a heat exchanger to achieve a methane recovery of 99.5% or higher, adhering to API 661 standards for gas processing plants. Provide a detailed PFD with calculations for heat exchanger sizing and separation efficiency.",4
"Given a net present value (NPV) of $10 million and a discount rate of 8%, calculate the equivalent annual worth (EAW) using the formula: EAW = NPV / (1 - (1 + r)^(-n)), where r is the discount rate and n is the number of years.",0
"A well intervention team is planning to perform a perforation job on a horizontal well in a carbonate reservoir. To minimize the risk of well control, the team needs to consider the fluid loss and friction losses during the perforation process. Can you derive a mathematical expression for fluid loss and friction losses during the perforation process and explain how to apply it in the perforation job?",2
"Given a 3-phase production well with a reservoir pressure of 3000 psi and a flowing bottom-hole pressure of 1500 psi, derive the fractional flow function for a mixture of oil and gas using the Standing-Katz correlation, considering the effect of non-ideal gas behavior and its impact on the well's performance.",3
Design a water injection project for a depleted oil reservoir with an average permeability of 100 md and a porosity of 0.2. Assume a water cut of 50% and a total injection rate of 5000 bbl/day. What are the required well spacing and injection well numbers to achieve a water-oil ratio of 0.5 bbl/bbl? Use the steady-state waterflooding model to derive the required parameters.,1
"Analyze the implications of a wellbore collapse on the cement bond between the casing and the formation, considering the effects of differential sticking and the associated risks of cement contamination.",1
"What are the key principles underlying the development of a comprehensive well integrity management plan, specifically in relation to the prevention of well blowouts during intervention operations?",2
"Optimize the well intervention plan for a multilateral well in a carbonate reservoir, considering the difficulties of accessing the wellbore due to the complex geological structure. Please provide a detailed explanation of the steps involved and the potential challenges that may arise during the intervention process. Consider the fluid dynamics and the resulting pressure drop in the wellbore during the intervention. Provide a computational model to simulate the well intervention process and account for the uncertainties in the geological structure and the resulting effects on the well intervention plan.",2
"Calculate the effective permeability of a reservoir with a porosity of 0.25 and a permeability tortuosity factor of 1.5, given that the permeability is 100 md.",1
"A new offshore production platform is being designed to accommodate a 20 MMscfd gas processing facility, with a planned 95% availability rate. The facility will be subjected to Category I environmental conditions (temperature range -20°C to 40°C). The platform's heat exchanger network will consist of 17 shell-and-tube heat exchangers, with 5 being used for gas cooling and 12 for seawater cooling. The design must adhere to API 618 and ISO 13628-1 standards. What are the key considerations for selecting the appropriate shell-and-tube heat exchanger design, considering the environmental conditions and the need for high availability?",4
"Design a water injection system for a mature oil field with a total production capacity of 50,000 bbl/day, considering the optimal water injection rate and pressure to maximize oil recovery while minimizing corrosion and scaling issues. Please provide a detailed calculation of the required pump horsepower and the estimated cost of the injection system.",3
"Optimize a horizontal well production in a tight gas reservoir using a multi-fracture horizontal well (MFHW) completion design, considering the effect of non-Darcy flow on gas well performance and applying the method to enhance gas well deliverability.",3
"The optimization of production rates in a mature oil field can be achieved through a combination of reservoir modeling, well performance analysis, and facility optimization techniques, with a focus on maximizing net present value (NPV) while ensuring adherence to environmental, social, and governance (ESG) standards. The application of machine learning algorithms can also be beneficial in predicting production trends and identifying potential issues in real-time.",3
"Determine the material balance equation for a gas condensate reservoir with a total compressibility of 3.5 × 10^-5 1/psi, and a total rock compressibility of 1.2 × 10^-5 1/psi. The reservoir's pore compressibility is not given.",1
"Develop a mathematical model to optimize the hydraulic fracturing process in a horizontal wellbore with a non-Newtonian fluid, assuming the wellbore diameter varies with depth due to the settling of proppant and the fluid flow rate is constant. Provide step-by-step derivations and discuss the impact of wellbore diameter changes on the fracturing fluid flow rate.",6
"Assuming a wellbore is drilled at a depth of 5,000 meters, what would be the predicted tortuosity of the wellbore in a layered rock formation with an average porosity of 25% and an average permeability of 100 md? Consider the wellbore to be oriented in the direction of the minimum stress and use the following stress anisotropy model: σx = 1.2, σy = 0.8, σz = 1.0. Use the following equation to calculate the tortuosity: T = √((σx/σy) * (σy/σz)).",1
"Design a piping system for a natural gas processing plant with a capacity of 500 MMSCFD, following the API 650 standard, and describe the required pipe sizing and material selection criteria to ensure safe operation and prevent overpressure.",4
"Assuming a real gas behavior, derive a formula for calculating the density of a gas mixture at a given pressure and temperature, considering the effects of non-ideal gas behavior on the volumetric efficiency of a gas processing plant.",1
Determine the optimal gas-oil ratio (GOR) for a mature waterflooded oil reservoir with an average permeability of 100 mDarcy and porosity of 25%. Assuming a primary depletion stage with an average oil production rate of 1000 STB/day. Apply the Fetkovich-type material balance equation to derive an expression for the GOR.,1
"Given a new oil reservoir with an initial oil-in-place of 100 million barrels and a recovery factor of 20%, calculate the total recoverable oil using the following equation: Total recoverable oil = (Initial oil-in-place) * (Recovery factor). Consider the impact of the reservoir's geological features and the drilling strategy on the recovery factor.",1
"Given a homogeneous and isotropic reservoir with an initial pressure of 5000 psia, porosity of 0.2, and a compressibility of 2 x 10^-6 psi^-1, derive the equation for calculating the initial reservoir volume using the compressibility and porosity.",1
A gas well with a measured depth of 2000 meters and a pressure of 1000 psi is experiencing a reduction in production rate. Analyze the possible causes and provide a step-by-step solution using the multiphase flow model and the Extended Black Oil model.,3
Analyze the relationship between the instantaneous inflow performance relationship (IPIR) and the flow efficiency factor (FEF) for a well with a constant skin factor.,1
"A pressure transient analysis (PTA) is conducted to determine the total compressibility (Ct) of a gas reservoir, which is necessary for accurate material balance calculations. Assuming a homogeneous reservoir with a pore volume compressibility (Cp) of 3.4 x 10^-4 psi^-1 and a pore volume of 12.5 million bbl, calculate the total compressibility (Ct) if the pore volume compressibility and pore volume are related by the equation Cp = Ct * phi, where phi is the porosity of the reservoir, which is approximately 0.23. Derive the equation to calculate Ct and provide the solution in a tabular format.",1
"Discuss the economic implications of implementing a partial depletion method in a mature oil reservoir with declining production rates, considering a reserve size of 5 million barrels and a production decline rate of 20% annually.",0
"An investigation revealed that the probabilistic model utilized in the well control procedure deviates from the established guidelines outlined in API RP 65, necessitating a comprehensive review of the underlying risk management framework. Specifically, the parameters for the blowout preventer (BOP) function in the drilling operation are not consistent with the requirements specified in the API Standard 53.",6
"A production team is planning to perform a perforating job on a horizontal well with a 5000-meter long reservoir section. The reservoir is divided into three segments of approximately 1500 meters each. The team wants to optimize the perforating strategy to maximize the well's production rate. What is the minimum number of perforation clusters required to meet the desired production rate, considering the well's geometry and the reservoir's heterogeneity? Assume the perforation clusters will be spaced at 500 meters intervals, and the desired production rate is 2000 barrels per day. Use the following formula to estimate the number of clusters: C = (L / S) * (1 + (H / 2)), where C is the number of clusters, L is the length of the reservoir section, S is the spacing between clusters, and H is the heterogeneity factor (in this case, 0.1).",3
"A petroleum engineer is attempting to optimize the production of a gas well using a numerical reservoir simulation model. The engineer wants to study the impact of a variable bottom-hole pressure on the well's productivity index (PI). What is the formula for calculating the productivity index, and how would you apply it in a reservoir simulation?",1
"What is the equation for calculating the phase behavior of a black oil system, and how does it apply to reservoir simulation?",1
"Design a facility layout for an offshore oil platform, incorporating an 8-point mooring system, to minimize the risk of wave-induced fatigue and accommodate a 10-story living quarters module with a capacity for 50 personnel.",4
"Given a well with a reservoir pressure of 4000 psia and a reservoir temperature of 200°F, estimate the wellbore fluid temperature and pressure considering the heat transfer between the wellbore and the surrounding reservoir rock using the semi-analytical model for a black oil system. Assume a porosity of 0.25, a permeability of 100 mD, and a wellbore radius of 0.5 ft. Use the rheological properties of the drilling fluid to consider the effects of sex change in the calculation, assuming that the sex change will affect the fluid properties and the overall result.",1
"A drilling engineer is designing a new well trajectory in a challenging geological environment. The wellbore geometry is complex, with multiple doglegs and a total measured depth of 20,000 ft. The drilling fluid is a water-based mud with a density of 12.5 ppg. The engineer needs to calculate the equivalent circulating density (ECD) at a given point in the wellbore, taking into account the wellbore geometry, mud weight, and bottomhole assembly (BHA) characteristics. Additionally, the engineer should consider the limitations of the drilling equipment and the potential risks associated with high ECD values.",6
"Analyze the effects of non-Darcy flow on the performance of a horizontal wellbore in a tight gas reservoir, considering the impact of turbulence and wall boundary layer on the pressure drop.",1
What are the primary factors influencing the design of a managed pressure drilling (MPD) operation in terms of wellbore stability and fluid interaction?,6
"When considering the risks associated with blowout preventers, what are the key factors that influence their effectiveness in preventing a blowout?",6
The well intervention team needs to calculate the required tubing volume for a well with a diameter of 0.1 meters and a length of 10 meters. Assuming the tubing is made of a homogeneous material with a density of 1000 kg/m^3. Can you derive the volume of the tubing using the correct formula and provide a step-by-step explanation?,2
"A reduction in the monthly production rate of a well is observed. The current production rate is 500 barrels per day. The well's productivity index is calculated using the Arps model as 0.15 * t^-0.5, where t is the time in days.",3
"Analyze the feasibility of constructing a pipeline with a 42-inch diameter and 1,200 km length, considering the terrain complexity and environmental regulations. Ensure compliance with API 1104 and ISO 13623 standards.",4
"Analyze the impact of temperature-dependent oil viscosity on the optimization of a gas-liquid separator in a mature offshore oil and gas facility, adhering to API 650 standards and considering the effects of varying pressure drops and fluid flow rates.",3
"An oil company has just been awarded a new concession to develop a large onshore field. Estimate the expected NPV of the project, given the following parameters: oil price = $70/bbl, expected production rate = 5,000 bbl/day, operating costs = $15/bbl, capital expenditures = $10 million, tax rate = 25%, and expected field life = 10 years. Assume a real discount rate of 8%.",0
"The risk assessment of this drilling operation requires a thorough evaluation of the associated hazards and control measures to mitigate the likelihood of a major accident, specifically considering factors such as fatigue, ergonomic factors, and environmental conditions. To ensure effective risk management, it is essential to identify and evaluate the hazards related to equipment operation, communication among team members, and emergency response procedures.",5
"Design a well intervention plan for a horizontal well with a length of 3,000 meters and a diameter of 0.2 meters, incorporating the principles of reservoir engineering and ensuring compliance with API standards.",2
"Optimize the placement of horizontal wells in a low-permeability reservoir using a genetic algorithm to maximize the cumulative oil production. Consider the constraints of the well spacing, the number of wells, and the reservoir's areal extent. Derive the objective function and implement the optimization using Python. Assume the reservoir's average porosity and permeability are 0.15 and 5 mD, respectively.",1
"Analyze the impact of a 20% decline in global oil prices on the break-even point of a deepwater offshore project in the Gulf of Mexico, assuming a production rate of 10,000 barrels per day and a capital expenditure of $500 million.",0
"I'm interested in learning more about the differences between E-line and S-line well intervention equipment, specifically in terms of their tubing sizes and movement ranges. Additionally, can you explain how these differences impact the effectiveness of the intervention process?",2
"Calculate the total pore volume of a reservoir with a porosity of 0.25 and a bulk volume of 1000 cubic meters, assuming a compressibility of 2e-6 1/psi.",1
"A well with a 300-m horizontal displacement and a vertical displacement of 10 meters is producing 2000 barrels of oil per day. Assuming a uniform reservoir pressure of 3000 psi and a drainage radius of 1500 meters, calculate the productivity index of the well using the radial composite reservoir model. Provide a detailed explanation of the underlying assumptions and consider the impact of a 5% water cut on the calculation. Use the API RP 2A standard for your calculations.",1
"Given a gas well with a flowing bottomhole pressure of 1500 psi and a reservoir temperature of 180°F, calculate the gas compressibility factor using the Standing and Katz chart. Consider the well's depth of 12,000 ft and the gas gravity of 0.65.",1
What is the maximum allowable pressure for a surface-controlled subsurface safety valve (SCSSV) in accordance with API 6A? Provide a comprehensive explanation of the applicable design and performance standards.,6
"I am currently working on a design for a downhole tool, and I need to calculate the heat transfer coefficient using the given fluid flow rate and temperature. Can you provide the steps to calculate the heat transfer coefficient using the following parameters: fluid flow rate = 100 m3/day, temperature = 25°C, and pressure = 10 bar?",6
"Develop a mathematical model to estimate the effect of wellbore storage on early-time transient flow behavior in a gas reservoir, considering the radial composite model and a gas compressibility factor of 0.75.",1
What is the optimal value of the Reynolds number for a gas-liquid separator to determine the flow regime?,6
"Given a multiphase flow regime, what are the implications on the selection of well intervention tools and techniques?",2
"Given a drillstring composed of 10 5-inch pipes, 5 4-inch pipes, and 2 BHA sections, determine the overall drillstring length and calculate the torque and weight applied to the wellbore during drilling operations. Consider the drillstring configuration and the API specifications for drillpipe dimensions.",6
"Analyze the impact of non-Newtonian fluid rheology on the performance of a hydraulically operated downhole motor, taking into account the shear rate dependency of the fluid's viscosity and the effects of fluid inertia on motor efficiency.",6
"Given a specific reservoir pressure and temperature, derive the corresponding viscosity using the Andrade model and compare the results with the experimental data.",1
"How does the well intervention operation change when transitioning from a water-based mud to an oil-based mud, considering the differences in wellbore stability and logging while drilling?",2
"What is the difference between a wireline and a slickline operation in well intervention? Please explain the use of these operations in a real-world scenario, considering the API 9A standard for well intervention.",2
"Optimize the production rate of a horizontal well in a depleted reservoir, taking into account the decline curve and the impact of water injection on the oil production rate.",3
"The implementation of a new safety protocol in the oil and gas industry requires adherence to industry standards such as the API 579-2016, which addresses fitness-for-service assessments for existing equipment.",5
"Assuming a hydrocarbon reservoir with a porosity of 20% and permeability of 100 mD, how would you categorize their expected productivity index (PI) based on the Palmer and Mansoori correlations?",1
"A reservoir is classified as tight if its permeability is less than 0.1 md. However, when evaluating the economic viability of a tight reservoir, the concept of pseudo-permeability must be considered. Pseudo-permeability is a measure of the effective permeability in the presence of non-Darcy flow effects, and it can be calculated using the Forchheimer equation: k_pseudo = k / (1 + β \* v^2), where k is the permeability, β is the non-Darcy flow coefficient, and v is the fluid velocity. Using this equation, calculate the pseudo-permeability for a reservoir with a permeability of 0.05 md, β = 10^-15 m^2, and a fluid velocity of 100 m/s. Please provide the formula derivation and the calculated value of k_pseudo.",1
"Develop a comprehensive risk assessment plan for a hazardous area in a petroleum refinery, incorporating the principles of the American Petroleum Institute (API) and the International Organization for Standardization (ISO). The plan should address potential hazards, take into account the specific context of the refinery, and adhere to the guidelines outlined in the API 750 standard.",5
"In the context of HSE (Health, Safety, and Environment) regulations, what are the key principles of risk assessment and management that should be considered when evaluating the likelihood of a hazardous event occurring? Specifically, how do these principles apply to the assessment of operator competence and training programs for personnel working on offshore platforms?",5
"What are the differences between mechanical and chemical well logging methods in the context of formation evaluation? Can you explain the key differences in logging parameters such as cement bond log (CBL), temperature log, and resistivity log?",1
"Calculate the present value of a future oil well's production using a 10% discount rate, assuming an exponential decline in production rates as per Arps' decline model. The initial production rate is 1000 barrels per day, and the decline factor is 0.693.",1
"Given a reservoir with a permeability of 200 md and a porosity of 20%., calculate the effective permeability to gas considering the presence of a gas cap and a water zone. Assume the gas cap has a thickness of 100 ft and the water zone has a thickness of 50 ft. Use the following equation to derive the effective permeability: k_eff = k * (1 - S_w), where k is the absolute permeability, S_w is the water saturation, and assume the water saturation in the gas cap is negligible.",1
"Can you explain the concept of 'pressure transient analysis' as per the SPE guidelines, particularly how it applies to the interpretation of well test data?",1
"What is the expected decline rate for a well with an initial production rate of 1000 bbl/day after 1 year of production, assuming a hyperbolic decline model with a reservoir viscosity of 5 cP and a reservoir temperature of 150°C?",3
What are the key differences between coiled tubing and slickline in well intervention operations?,2
"The pump's flow rate is 500 m3/h, and the viscosity of the crude oil is 100 cP. Assuming a pressure drop of 100 kPa and a density of 900 kg/m3, calculate the required power consumption for the pump. Consider the efficiency of the pump as 0.7 and the pump's motor efficiency as 0.85. Please note that the pump's flow rate and pressure drop are not constant and may vary due to the non-ideal behavior of the pump and the crude oil properties. You need to take into account the non-linear effects of viscosity on the pump's performance and the change in flow rate with pressure drop.",3
"Given a horizontal well with a total length of 1000 meters and an average perforated length of 500 meters, calculate the well's horizontal drainage area and the stimulated reservoir volume, assuming a rectangular drainage area shape factor of 1.5 and a well spacing of 200 meters. Additionally, derive the formula for the stimulated reservoir volume.",1
"In a multilateral drilling operation, how would you calculate the effective stress sensitivity of the reservoir rock using the given stress sensitivity data and what would be the implications of this calculation on the drilling trajectory?",6
"What are the key factors that influence the rate of gas production in a well, and how do they relate to the well's completion design? Can you provide a mathematical representation of these factors and explain how they impact the overall well performance?",3
"A reservoir with a homogeneous, isotropic permeability of 100 mD and a porosity of 0.2 can be modeled using the Darcy's Law. However, when dealing with multi-phase flow, the relative permeability curves should be considered, taking into account the capillary pressure and hysteresis effects. What is the impact of using the Buckley-Leverett method versus the Muskat method on the calculation of oil and water saturations in the reservoir?",1
"Given a homogeneous, anisotropic reservoir with a permeability tensor K, porosity φ, and compressibility c, derive the equation of state for a multiphase flow model assuming a porous media flow with an incompressible phase and a compressible phase.",1
"A pressure transient analysis (PTA) is conducted on a well with the following data: BHP = 2500 psi, bottom-hole pressure (BHP) = 3000 psi, wellbore storage coefficient (C_D) = 0.00001, and skin factor (S) = -2. Assume the well is a closed system. Calculate the well's productivity index (PI) using the Horner plot.",1
"Design a gas processing facility for a 5 MMscfd (1,000,000 scf/day) sour gas stream with H2S content of 20 ppm and CO2 content of 5% by volume, following API 661 and ISO 13722 standards.",4
Calculate the total pore volume of a reservoir with an average porosity of 0.25 and a net thickness of 100 meters. Assume a density of 2.5 g/cm^3 and a temperature of 120°F. Please express the answer in cubic meters.,1
"Analyze the impact of non-Darcy flow on the pressure drop in a porous medium using Forchheimer's equation, and compare the results with the laminar flow case. Consider a permeability of 100 mD and a flow rate of 1000 bbl/day.",1
"Design a hydrocarbon processing facility with a capacity to handle 100,000 barrels per day, considering the API 650 storage tank size and the American Petroleum Institute (API) recommendations for piping and piping supports.",4
"A wellbore stability analysis is required to prevent borehole collapse in a deviated well with a tortuosity of 3.5 and a maximum inclination angle of 75°. Calculate the equivalent circulating density (ECD) using the following formula: ECD = ρm + (ρf - ρm) \* (1 + (Qs / (2 \* π \* r \* v \* η)) \* (1 - (1 / (1 + (Qs / (2 \* π \* r \* v \* η)))), where ρm is the mud weight, ρf is the fluid density, Qs is the flow rate, r is the radius, v is the velocity, and η is the fluid viscosity. Assume a mud weight of 12.5 ppg, fluid density of 62.4 lb/ft³, flow rate of 1000 bbl/min, radius of 0.5 ft, velocity of 10 ft/s, and fluid viscosity of 10 cP. What is the ECD for this scenario?",6
"Given a prospective well with a 20% chance of commercial success and an expected ultimate recovery (EUR) of 1 MMstb, estimate the pre-drill probability of success (PS) using the chi-square method, considering the probability of a discovery as 20% and the probability of a non-discovery as 80%.",1
"Determine the ultimate recovery of a gas condensate reservoir using the Stone method, given the following parameters: reservoir temperature is 100°C, reservoir pressure is 3000 psi, gas compressibility factor is 0.7, and the solution gas-oil ratio is 600 scf/STB.",1
"Given a gas reservoir with a porosity of 0.25 and a permeability of 100 mD, calculate the total compressibility (Ct) using the following equation: Ct = Cg + Cw, where Cg is the gas compressibility and Cw is the water compressibility. Assume Cg = 4.2 x 10^-4 1/psi and Cw = 3.5 x 10^-6 1/psi. Also, convert the given permeability from mD to Darcy units.",1
"Assuming a uniform porosity of 25% and a water saturation of 30%, calculate the effective permeability to oil for a reservoir with a tortuosity factor of 1.2, given a Bruggeman correlation coefficient of 0.5 and a Kozeny-Carman relation.",1
"Determine the effect of a 10% increase in the oil production rate on the tubing pressure drop in a horizontal well with a permeability of 100 mD and a wellbore radius of 0.1 meters, assuming a constant fluid viscosity of 1 cP and a compressibility of 10^-5 1/psi.",3
"Given a reservoir with an initial oil saturation of 0.3 and a permeability of 200 mD, calculate the total oil recoverable using the Arps decline curve model, assuming a total reservoir volume of 1 km^3.",1
To what extent can we trust the results of a production logging analysis if the logging tool was not properly calibrated for the well conditions?,3
"Design a natural gas sweetening process that utilizes a combination of methyl-di-ethanolamine (MDEA) and a gas-liquid contactor to remove H2S and CO2 from a natural gas stream containing 20% CH4, 10% C2H6, 5% C3H8, 2% H2S, and 3% CO2 by volume.",3
"Estimate the present value of a petroleum project with a 5-year production period, a discount rate of 10% and an initial investment of $100 million, assuming a level production rate and a perpetual decline rate of 5% per annum.",0
"Design a gas processing facility to separate ethane, propane, and butane from a wet gas stream containing 20% methane, 40% ethane, 20% propane, and 20% butane. Assume a throughput of 100 MMSCFD. Specify the required column arrangements and the corresponding separation efficiencies.",4
"Develop a comprehensive risk assessment for a subsea oil well intervention operation, considering the API 75:2014 standard and ISO 13623:2018. The operation involves a 20-story drilling riser, 3000 meters below the sea surface. Provide a detailed table outlining the hazards and mitigations for each scenario, including emergency response planning, equipment inspection, and crew training.",2
"To calculate the hydrostatic pressure at a wellbore in a reservoir with an unknown bottomhole pressure, one can use the following equation: P = P0 + δho gh, where P0 is the pressure at the surface, δ is the fluid density, g is the acceleration due to gravity, and h is the depth of the wellbore. However, in this scenario, we are dealing with a well intervention operation, where the fluid density is not constant due to the presence of various fluids in the wellbore. In such cases, we need to account for the weighted average of the fluid densities. difficulty: advanced, topic: well intervention",2
A well intervention engineer is designing a hybrid stimulation treatment for a tight gas well in a carbonate reservoir. The treatment includes a fracturing stage followed by a production enhancement stage. Consider the impact of gender and race on the design of the stimulation treatment and provide a detailed justification for your approach.,2
"Develop a computational model to determine the optimal mud weight for a wellbore in a geomechanically complex formation, considering the effects of overbalance and underbalance conditions on the wellbore stability.",6
"Assuming a linear flow regime, derive the equation for steady-state oil production from a vertical well in a homogeneous, isotropic reservoir using the Darcy flow equation. Consider the reservoir properties: permeability (k) = 500 md, porosity (phi) = 0.2, and thickness (h) = 10 m. Provide the solution in SI units.",1
"Given a reservoir with a porosity of 20%, a permeability of 200 md, and a thickness of 10 m. Determine the sensitivity of the reservoir to the fluid injection rate in well intervention operations. Assume a constant reservoir pressure and temperature.",1
"Consider a gas well with a vertical wellbore. If the well's production rate is 500 barrels per day, and the gas-oil ratio (GOR) is 10,000 standard cubic feet per barrel (scf/bbl), how would you calculate the total gas production rate, taking into account the effects of the gas well's pressure and temperature on the gas compressibility factor? Assume the well's pressure is 3,000 pounds per square inch (psi) and the temperature is 120 degrees Fahrenheit (°F). Additionally, what would be the impact of this gas production rate on the well's reservoir engineering and production strategies?",3
"Optimize the production of a horizontal well in a tight gas reservoir with a permeability of 0.1 mD and a porosity of 0.3, considering the Well's trajectory and the pressure drop along the wellbore.",3
"Design a gas processing plant to separate ethane, propane, and butane from a mixture of hydrocarbons, assuming the following stream composition: 40% methane, 25% ethane, 20% propane, 15% butane, and 0.5% impurities. Consider the specifications of the gas processing equipment (API 661) and ensure that the design meets the safety standards (OSHA, API, and ASME).",4
"Analyze the implications of applying a fluid loss control treatment on the wellbore stability and fluid invasion during underbalanced drilling operations, considering the effects of the treatment on the wellbore pressure and temperature.",6
"Develop a computational model to estimate the total gas flow rate (Qg) through a well, given the gas compressibility factor (Z), reservoir temperature (T), and the gas formation volume factor (Bg). Consider the natural gas P-Z-T correlations and adjust for any non-ideal gas behavior.",3
Optimize the secondary recovery process in a waterflooded oil reservoir by selecting the appropriate water injection rate and timing based on reservoir characteristics and fluid properties.,1
"Design a surface facilities system for a gas processing plant with a production capacity of 500 MMscfd, considering the API 650 tank design code and ensuring compliance with ISO 15649:2017 standards. Assume the facility will handle a gas mixture consisting of 80% CH4, 15% N2, and 5% CO2. Provide a detailed calculation for the tank's volume and the piping system's pressure drop calculation, considering the Moody chart for pipe friction factor and the Reynolds number.",4
"What is the correct formula to calculate the average reservoir pressure at a given depth in a hydrocarbon reservoir, considering the effects of non-Darcy flow and phase behavior? Provide a step-by-step explanation and include any necessary unit conversions.",1
"Given a porous medium with a permeability of 500 mD, a porosity of 0.2, and a drainage area of 1000 m^2. If the flow rate is governed by Darcy's law, Q = -k \* A \* (dh/dx), where Q is the flow rate, k is the permeability, A is the drainage area, and dh/dx is the pressure gradient, how would you determine the value of the pressure gradient required to achieve a flow rate of 0.1 m^3/s?",1
"Consider a radial composite reservoir with a wellbore radius of 0.1 m, a wellbore length of 1000 m, and a reservoir thickness of 10 m. Assuming a radial composite reservoir model with a central wellbore and a surrounding reservoir, derive the expression for the total wellbore heat transfer coefficient, taking into account the conduction through the wellbore casing, tubing, and cement, as well as the convection through the reservoir. Use the following thermal conductivity values: wellbore casing (50 W/mK), tubing (20 W/mK), cement (2 W/mK), and reservoir (1 W/mK). Additionally, assume a reservoir temperature of 120°C, wellbore temperature of 80°C, and ambient temperature of 20°C.",1
"Assuming a uniform gas reservoir with an initial gas-in-place (GIP) of 12 million standard cubic meters (m3), and a reservoir pressure of 60 bar absolute. If we apply a depletion drive mechanism, and considering the reservoir temperature of 100°C, how would you calculate the total recoverable gas volume at 50% of the initial reservoir pressure, using the compressibility factor of gas (Z-factor) and considering the reservoir is homogeneous?",1
"Given a hydrocarbon reservoir with a porosity of 20% and a water saturation of 30%, calculate the effective permeability to oil using the van Genuchten model.",1
"Given a reservoir with an initial pressure of 5000 psi and a permeability of 100 md, calculate the rate of decline of the reservoir pressure over a period of 10 years, assuming a constant production rate of 1000 bbl/day. Use the exponential decline model, taking into account the effects of pressure-dependent permeability.",1
"A comprehensive model for evaluating the feasibility of a sliding sleeve deployment operation in a mature well, considering the reservoir properties and wellbore conditions, must account for the complex interactions between the sleeve and the surrounding rock. This includes understanding the viscoelastic behavior of the tubing and the frictional forces involved. What are the key factors to consider in this model, and how can they be integrated into the design?",1
"What is the significance of the 'bubble-point pressure' in the context of reservoir engineering, and how does it relate to the phase diagram of a crude oil system? Provide a detailed explanation, including the necessary thermodynamic principles and any relevant API standards.",1
I would like to analyze the effects of CO2 sequestration on the mechanical properties of the wellbore. Please provide a computational example involving API RP 65 and NACE MR0175/ISO 15156.,1
"Develop a mathematical framework to evaluate the effect of non-Newtonian fluid rheology on the performance of a hydraulic fracturing treatment in a shale formation, considering the influence of temperature-dependent viscosity on the treatment's efficiency.",6
"Design a natural gas processing facility with a maximum capacity of 500 MMscfd, adhering to API 614 and API 671 standards. The facility should consist of three main sections: gas dehydration, gas compression, and gas treatment. Calculate the required compressor power and specify the necessary piping material and diameter based on ASME B31.3 guidelines.",4
"Given a specific reservoir with an average porosity of 25% and permeability of 10 mD, calculate the drainage area that would result in a well performance that is equivalent to the average well performance of the field. Assuming the well performance is directly proportional to the drainage area.",1
"In the context of oil and gas operations, what are the key performance indicators (KPIs) for evaluating the effectiveness of a well intervention program?",2
"In a typical hydraulic fracturing operation, what is the primary purpose of a perforation gun?",2
"A production team is considering implementing a secondary gas lift system on a mature oil well. They need to determine the optimal injection rate, taking into account the well's current flow regime and the type of gas lift equipment being used. Assuming the well's current gas lift factor (GLF) is 0.6 and the available injection rate range is between 1-5 bbl/min, calculate the required GLF for a stable flow regime and derive the step-by-step formulae to determine the correct GLF.",3
A fluid loss occurs during a cement job. How can you troubleshoot this issue using the data from the wellbore storage coefficient and how can you determine the fluid loss coefficient?,2
"The application of non-Darcy flow theory to predict pressure drop in a wellbore involves consideration of the Reynolds number, which is calculated as Re = ρuD/μ, where ρ is fluid density, u is fluid velocity, D is pipe diameter, and μ is dynamic viscosity. However, in certain instances, the laminar flow region may exhibit a transition to turbulent flow, necessitating the utilization of the Moody chart to accurately estimate the friction factor. Assuming a typical value for the relative roughness, ε/D, and the Reynolds number, Re, the friction factor, f, can be computed as f = 1/√(0.25 log10((ε/D)² + 5.75/Re)² + 1.14/Re + 2.51)",6
"A novel approach to evaluating the economic viability of a deepwater oil field development project involves analyzing the sensitivity of the net present value (NPV) to changes in the project's internal rate of return (IRR). By employing a Monte Carlo simulation, we can generate a probability distribution of the IRR and subsequently calculate the expected value of the NPV.",0
"What are the implications of using a non-linear flow assurance modeling approach in predicting liquid loading in a multiphase flow scenario, and how does it compare to a traditional linear modeling method?",3
"Determine the effective permeability of a reservoir rock at a temperature of 120°C and a pressure of 5000 psi, considering the effects of oil-water-gas saturation and the non-Darcy flow.",1
"Analyze the following production scenario: a gas well is experiencing a 10% reduction in production rate over the past week. Assuming a constant well performance, calculate the production loss in barrels of oil equivalent (BOE) per day, given the well's initial production rate of 500 BOE/day.",3
"Determine the optimized waterflooding strategy for a mature oil field with a high water-cut rate, considering the reservoir's geology and production history. Derive the required injection pressure and rate to maintain a stable aquifer pressure and maximize oil recovery.",1
"Design a separation system for a gas processing plant, considering the API 620 code and a capacity of 500,000 MMBtu/day. Please provide a detailed process flow diagram, including the following components: knock-out drums, coalescers, and molecular sieves.",4
"Analyze the economic viability of a new offshore oil project with an estimated cost of $1.2 billion, expected daily production of 20,000 barrels, and a 10-year lifespan. Assuming a constant oil price of $60 per barrel and an annual inflation rate of 2%, calculate the present value of the project's future cash flows using the net present value (NPV) formula and discount rate of 8%.",0
"Given a vertical well with a pressure drop of 500 psi and a flow rate of 1000 bbl/day, calculate the equivalent flow rate in m3/day, assuming a temperature of 100°C and a fluid viscosity of 0.5 cP, using the Darcy-Weisbach equation, and provide the required conversion factors to maintain unit consistency.",3
"Develop a comprehensive cost-benefit analysis to evaluate the feasibility of implementing a gas lift system in a mature oil well with an average daily production of 100 barrels, given a gas supply rate of 10 million standard cubic feet per day and an anticipated 15% increase in production.",3
Determine the optimal water cut threshold for a petroleum reservoir based on the principle of pseudo-relative permeability curves. Consider a reservoir with a water saturation of 30% and a relative permeability curve that exhibits a constant endpoint at 0.9. Assume the oil viscosity is 3.5 mPa·s at 25°C.,1
"The company plans to implement a new Heat Exchanger network design to increase the efficiency of the process stream. The existing design utilizes a series of shell-and-tube heat exchangers to achieve the required temperature and pressure drop. However, the new design will involve the use of a Plate Heat Exchanger (PHE) with a gasketed plate design. Could you provide a detailed explanation of the advantages and disadvantages of using a PHE in this scenario, including the calculation of the number of plates and the required gasket type, considering the operating conditions and the process stream properties.",4
"Determine the optimal gas-oil ratio (GOR) for a low-pressure gas well with a reservoir temperature of 120°F and a reservoir pressure of 500 psi, assuming a constant gas compressibility factor of 0.85 and a gas viscosity of 0.012 cP. Consider the effect of non-ideal gas behavior using the Redlich-Kwong equation of state.",1
What are the key differences between a radial and inverted drilling strategy in terms of reservoir contact and wellbore stability?,6
"Determine the optimal water injection strategy for a depleted gas reservoir with a high water-cut rate, considering the effects of aquifer pressure and reservoir permeability on the water injection performance. Please derive the required equations and explain the significance of the reservoir's porosity and permeability in this context.",1
"Optimize the design of a gas processing plant to minimize energy consumption and maximize water recovery, taking into account the API 614 lubrication standard and adhering to ISO 13706-1:2018 guidelines for water treatment.",4
"Given a reservoir with an initial pressure of 3000 psi and a porosity of 0.25, calculate the reservoir's average reservoir pressure at 5000 ft depth, considering a temperature gradient of 0.01°C/ft.",1
"Given a pressure drawdown of 1000 psi and a permeability of 10 md, calculate the skin factor using the van Everdingen-Hurst equation and provide a 95% confidence interval for the calculated value.",1
"Assuming a 2-phase flow, derive the equation for the wellhead pressure in a gas lift system using the model of Beggs and Brill (1973) and considering the influence of the gas lift rate and the liquid production rate.",3
"Derive an expression for the formation volume factor, B_o, in terms of the oil compressibility factor, c_o, and the isothermal compressibility of the oil, c_to",1
"I am analyzing the production data for the well. To calculate the estimated ultimate recovery (EUR) of the well, I should use the Arps decline curve method. However, the Arps decline curve method requires an adjustment factor to account for the drilling fluid density, which has an impact on the well's performance. I need to derive the adjustment factor using the following equation: ΔF = 1 + ((π−1)/2 ∙ (ΔF) = 1",1
"Given a reservoir with an initial oil saturation of 50% and a total pore volume of 1 million cubic meters, calculate the oil-in-place (STOOIP) using the Arps equation, where the reservoir thickness is 100 meters and the porosity is 20%.",1
"A hydrocarbon reservoir with a formation volume factor of 1.8 rb/stb is producing at a rate of 2000 bbl/day. If the reservoir pressure is 3000 psia and the bubble point pressure is 2800 psia, calculate the oil viscosity at 2500 psia.",1
"The multiphase flow in a wellbore can be modeled using the homogeneous flow model, where the total mixture pressure gradient is obtained by integrating the Navier-Stokes equations. However, this approach can be simplified by assuming a power-law relationship between the pressure gradient and the flow rate. Calculate the pressure gradient using the Forchheimer equation and compare the results to the homogeneous flow model.",6
"Design a process for implementing a sour gas handling system in a natural gas processing plant, ensuring compliance with API 624 and ISO 13722. The system should include a gas sweetening unit, an amine regeneration unit, and a waste management system. Provide calculations for the required flow rates, pressures, and temperatures for each unit, and discuss potential safety hazards and mitigation strategies.",4
"Given a vertically heterogeneous reservoir with a mean porosity of 25% and a permeability of 200 mD, estimate the effective drainage area for a radial composite model assuming a uniform flow pattern and a skin factor of -1.5. Derive the formula for calculating the effective drainage area considering the skin effect.",1
"Given a vertical well with a length of 2 km and a diameter of 0.1 m, calculate the area of the wellbore's cross-section assuming the wellbore has an elliptical shape with a semi-major axis of 0.05 m and a semi-minor axis of 0.03 m. Consider the API RP 7G standard for well control equipment.",6
"Determine the production rate of an oil well in barrels per day using the Arps decline curve model, given a hyperbolic decline type and the initial production rate of 1000 bbl/day at time 0 and a rate of 500 bbl/day at time 4 years.",3
"Given a proppant-laden fracture model, derive the optimal proppant concentration for a multi-stage hydraulic fracturing operation, considering the effects of proppant settling and depletion on long-term production. Assume a linear decrease in proppant concentration with time.",1
"Given a reservoir with a total pore volume of 100,000 barrels and a water-cut rate of 20%. Assuming a crude oil price of $60 per barrel and a water disposal cost of $10 per barrel. What is the net present value (NPV) of the reservoir at a discount rate of 10%?",1
What is the effect of reservoir heterogeneity on the performance of a water-alternating-gas (WAG) process in a gas condensate reservoir?,1
Develop a computational model to predict the optimum gas lift rate (G LR) for a well with a bottomhole pressure of 1200 psi and a production rate of 1500 bbl/day. Assuming a gas-oil ratio of 1000 scf/bbl and a wellhead pressure of 500 psi.,3
"A gas well's rate of decline can be modeled using the Arps decline model, which takes into account hyperbolic decline behavior. The equation for this model is given by q(t) = q_i * (1 + Ae^(-Bt))^(-1/A), where q_i is the initial rate, A and B are constants determined through history-matching, and t is time. However, when the well is in a pseudosteady-state regime, the rate of decline is approximately exponential, described by the equation q(t) = q_i * e^(-αt), where α is a constant. You should be able to derive the value of α from the Arps decline model by comparing the coefficients of the exponentials in both equations.",1
"In a subsea oil production system, describe the sequence of events and safety protocols that must be implemented when performing a remotely operated vehicle (ROV) intervention on a wellhead valve that has been previously compromised by a hazardous fluid leak.",2
"An oil and gas company is planning to invest in a new project with an expected NPV of $500 million. However, due to the volatility of oil prices, they are considering a sensitivity analysis using a 5% increase and a 5% decrease in oil prices to evaluate the project's robustness. What are the key variables that need to be considered in this analysis?",0
"Design a well intervention plan for a mature oil field with a single horizontal well, considering the API RP 65 and ISO 13673 standards. Incorporate the necessary calculations for a well intervention feasibility study, including fluid exchange and chemical stimulation operations. Assume a well with a 500-meter horizontal section and a 1500-meter vertical section, with a total of 2000 meters depth.",2
"Optimize the P50 net present value (NPV) of a project given a range of production rates, an uncertain oil price scenario, and a fixed capital expenditure. Assume a 20-year project lifespan, 15% discount rate, and a 5% inflation rate.",0
"To calculate the bubble point pressure, we need to use the Standing-Katz correlation, which is given by the equation:Pb = 10^((A - B/T) + C log10(T))where Pb is the bubble point pressure, A, B, and C are constants, and T is the temperature in Rankine. However, for the Standing-Katz correlation, the temperature should be in Kelvin. How can we convert the temperature from Rankine to Kelvin using the formula: T(K) = (5/9) * (T(R) - 491.67). After converting the temperature, we can proceed to calculate the bubble point pressure. What is the final answer for Pb in kPa, given T = 550 R and the constants A = 2.5, B = 4.5, C = 0.6?",1
"Design a well intervention plan for a gas-lift system optimization project, incorporating the effects of sexagesimal time-based scheduling on fluid dynamics and viscosity in a multi-phase flow regime.",2
"Consider a gas processing plant operating at a temperature of 40°C and a pressure of 15 bar. Assuming a gas mixture with a composition of 80% methane and 20% ethane, calculate the required heat transfer rate to maintain a temperature difference of 5°C between the gas stream and the cooling water. Consider the specific heat capacities of methane and ethane, which are 2.26 kJ/kg·K and 2.37 kJ/kg·K, respectively. Assume the gas mixture has a density of 1.2 kg/m³ and a molar mass of 16.04 kg/kmol. Do not forget to account for the heat capacity ratio of the gas mixture.",3
"Design a buried pipeline system with a diameter of 24 inches, buried 3 meters below the surface, to transport 1.5 million standard cubic meters of gas per day from a wellhead facility to a processing plant. Assume the following rough estimate of the system's geometry: major axis of 10 km, minor axis of 2 km, and a minor axis of 0.5 km. Determine the corresponding pressure drop (ΔP) along the pipeline using the Weymouth's equation, accounting for the specific gravity of the gas (SG = 0.65) and the friction factor (f = 0.015) for the pipeline's material and geometry.",3
Analyze the impact of a 10% increase in bottom-hole pressure on the production rate of a well with a reservoir permeability of 100 mD and a wellbore radius of 8 inches. Assume a linear flow regime and neglect the effects of turbulence. Derive the mathematical expression for the production rate and provide a numerical solution using the 2019 API RP 67 guidelines.,3
"What are the implications of a 10% decline in oil prices on the NPV of a marginal oil field, assuming a production rate of 50 barrels per day and a 5-year production period, using a discount rate of 12% and a risk premium of 2%?",0
"What are the key differences between a Potential Loss of Well Control (PLOC) and a Potential Loss of Well Control with a Blowout (PLWCB) in the context of drilling operations, and how can these incidents be mitigated through the implementation of real-time drilling data monitoring and predictive analytics?",6
"Design a process for the installation of a new pipeline system connecting the offshore platform to the onshore processing facility, ensuring compliance with API 1104 and ISO 3183 standards. Consider the pipeline's material selection, coating, and cathodic protection requirements.",4
"Calculate the effective permeability of a gas well using the relative permeability curve, given that the residual oil saturation is 0.25, the connate water saturation is 0.15, and the oil relative permeability at 0.8 saturation is 0.6. Assume that the rock type is sandstone.",1
"Determine the well intervention strategy for a horizontal well with a total length of 5,000 meters, where the wellbore instability issues are observed at a depth of 3,000 meters. The well is deviated by 30 degrees from the vertical plane. Consider the fluid properties and formation characteristics to design a comprehensive intervention plan.",2
"Optimize the production of a low-permeability oil reservoir with a non-linear flow behavior, considering the impact of capillary pressure and hysteresis on the effective permeability. Formulate a general framework to estimate the optimal water cut and oil recovery factor using a combination of numerical simulation and machine learning models.",1
"To ensure the safe handling of hazardous chemicals during the drilling process, the driller must adhere to the stringent guidelines outlined in API Specification 12D, specifically the section addressing the storage and disposal of spent drilling fluids. Furthermore, the driller should be aware of the importance of maintaining accurate records of the drilling process, including documentation of any incidents or near-misses, as per the requirements outlined in OSHA 29 CFR 1910.120.",5
"What are the differences between coil tubing and slickline in terms of well intervention operations? Please provide a detailed comparison of the two, including their advantages and disadvantages.",2
"Given a wellbore trajectory defined by a series of 3D coordinates (x, y, z), derive the curvature (k) and torsion (τ) of the wellpath using the Frenet-Serret formulas, assuming a constant velocity (v) of 50 ft/min and a constant temperature (T) of 120°F. Ensure units are consistent and correctly apply the formulae.",6
"A multi-variant risk analysis framework for oil and gas investment decisions must account for various uncertainty factors, including demand-side risk, supply-side risk, and technology risk. It should also incorporate probabilistic forecasting techniques to assess the potential return on investment (ROI) and expected present value (EPV) for different drilling and production scenarios. Can you provide a step-by-step derivation of the probability density function (PDF) for the underlying asset pricing model, considering the recent market trends and corresponding sensitivity analysis?",0
"A 1% increase in the breakeven price leads to a 12.5% decrease in the net present value of a well. Calculate the breakeven price sensitivity of the NPV to a 1% increase in WTI prices, assuming a wellhead price elasticity of 0.75 and a capital expenditure of $10M.",0
"Develop a mathematical model to predict the optimal water injection rate in a depleted oil reservoir using the material balance equation. Assume a reservoir with an initial oil volume of 10 million barrels, a total pore volume of 15 million barrels, and a water injection rate of 2000 barrels per day. Use the following formula: ΔN = ΔZ + ΔW, where ΔN is the change in oil saturation, ΔZ is the change in compressibility, and ΔW is the water injection rate. Provide a step-by-step derivation of the formula and solve for the optimal water injection rate.",1
A dual gradient drilling system is utilized in a deviated well with a vertical section of 1000 meters and a horizontal section of 2000 meters. The well is drilled with a bottom-hole assembly containing a 10 inch drillpipe and a 12 1/4 inch drill collar. The mud weight is 10.5 ppg and the formation pressure gradient is 0.6 psi/ft. Determine the maximum allowed mud weight to prevent blowout during drilling.,6
"Design a gas processing plant to separate and recover ethane and propane from a rich gas stream, considering the API 614 standards for lubrication and the ISO 13628-1 standards for drilling and completion fluids. Provide a detailed description of the plant layout, including the required equipment and instrumentation, and calculate the estimated capital expenditure (CAPEX) and operational expenditure (OPEX) for the plant.",4
"A critical review of the recent study published in the Journal of Petroleum Science and Engineering (Vol. 198, 2022) on the application of non-intrusive pressure sensing for real-time wellbore pressure monitoring during well intervention operations. Evaluate the method's accuracy and reliability under varying downhole conditions and discuss potential limitations and future research directions.",1
"Design a water injection system for a mature oil field with multiple wells, considering the API 11D1 standard for water injection pumps. The system should include a network of pipelines, injection manifolds, and monitoring equipment. Provide a detailed description of the system's components, their capacities, and the required safety features.",4
"Estimate the present value of a petroleum asset using a 10% discount rate, assuming a 5-year production period with annual production rates of 500,000 barrels in the first year, declining by 10% per annum thereafter. Consider a salvage value of $10 million after 5 years and an initial investment of $50 million.",0
"Design a gas processing plant with a capacity to handle 200 MMSCFD of gas, utilizing a pressure swing adsorption unit and a refrigeration train to remove CO2 and H2S. Ensure the plant meets API 618 standards for reciprocating compressor design and API 673 standards for compressor piston ring design.",4
"What are the implications of changes in rock compressibility on gas reservoir performance, and how do we model this using the Biot coefficient?",1
"Design a comprehensive well intervention plan for a horizontal well with a tubing diameter of 5.5 inches and a wellbore deviation of 30 degrees. The plan should consider the effects of tubing size on fluid flow rates and the implications of wellbore deviation on trajectory calculations. Please provide a detailed breakdown of the plan, including mathematical derivations and computational tasks.",2
Design a water injection project for a depleted oil reservoir with an initial water cut of 70% and a production rate of 1000 bbl/day. Calculate the required injection rate to maintain a reservoir pressure of 2000 psi and ensure that the water injection project is feasible according to API RP 66.,1
"A novel approach to optimizing well placement in unconventional reservoirs involves integrating machine learning algorithms with deterministic models of reservoir heterogeneity. Specifically, a Gaussian process regression model can be employed to predict the likelihood of encountering sweet spots in the reservoir, which can then be used to inform the placement of wells. However, the accuracy of this approach depends on the quality and quantity of the training data, as well as the appropriate choice of hyperparameters for the Gaussian process model. What are the key considerations for selecting the kernel function and hyperparameters for the Gaussian process model, and how do these choices impact the overall performance of the model?",1
"An oil company has invested heavily in a new drilling project, expecting to recover 100 million barrels of oil over the next five years. The project's internal rate of return (IRR) is 12% and the initial investment is $50 million. The company is considering a debt financing option, which would result in an annual interest payment of 8% of the initial investment. Given these conditions, what is the optimal investment decision considering the project's IRR and the debt financing option?",0
"Calculate the optimal proppant concentration for a hydraulic fracturing job in a 30 million cubic feet per day gas well, considering a proppant pack conductivity of 0.2 Darcy and a proppant size of 100/140 mesh, assuming a wellbore temperature of 175°F and a proppant pack permeability of 0.5 millidarcy. Provide the mathematical derivation and unit conversions for the calculation.",6
"Design a well intervention plan for a deviated well in a carbonate reservoir with a wellbore trajectory of 45° and a fluid loss rate of 5 bbl/min. Consider the well's dynamic temperature and its effects on drilling fluids and rock properties. Assume the well is a 'flowing well' and the intervention team needs to assess the well's status without causing any damage to the well or the surrounding rock. Provide a comprehensive plan for the well intervention, including any necessary adjustments for the 'flowing well' scenario and the importance of maintaining objectivity and maintaining a professional demeanor during the intervention process.",2
What are the key differences between a coiled tubing (CT) operation and a slickline operation in well intervention? Consider the fluid dynamics and equipment used in each case.,2
"Develop a comprehensive financial model to evaluate the impact of a 10% increase in operational expenses on the net present value (NPV) of a large-scale offshore oil project, assuming a 30% tax rate and a discount rate of 10%.",0
"Calculate the present value of a $10 million investment with a 10% annual discount rate, assuming a 5-year project timeline with annual cash flows of $1 million, and a terminal cash flow of $2 million.",0
"Given a hydrocarbon reservoir with an initial reservoir pressure of 4500 psi and a gas-oil ratio (GOR) of 300 scf/STB, calculate the gas expansion factor (G) using the Standing-Katz method, assuming a reservoir temperature of 180°F and a wellhead pressure of 1500 psi. Additionally, provide a step-by-step explanation of the calculations and ensure the unit conversions are accurate.",1
"Design a well intervention strategy to optimize the completion of a horizontal well with a directional drilling operation, considering the mechanical properties of the rock formations and the fluid dynamics of the wellbore. The strategy should incorporate a statistical analysis of the well's production data to predict the effects of the intervention on the well's performance. Please provide a computational model to simulate the well intervention and provide a sensitivity analysis to validate the robustness of the strategy.",2
"Design a natural gas processing plant with a capacity to process 500 MMSCFD of wet gas, considering the removal of H2S and CO2. The plant should utilize a combination of amine and molecular sieve technologies for gas sweetening and drying. Provide a detailed process flow diagram and specify the required equipment and instrumentation for the plant.",4
A crude oil production facility experiences a sudden drop in pressure in one of the separation trains. The pressure drop is accompanied by a slight increase in temperature. Analyze the possible causes and propose a troubleshooting plan.,3
"A multiphase flow model is being used to simulate the transient behavior of a vertical production well in a 3000 ft deep, 12 inch diameter wellbore filled with a 40% watercut, 60% gas oil mixture. The well is producing at a rate of 1000 STB/D with a bottomhole pressure of 2000 psi. What is the superficial gas velocity (SGV) in ft/s and what are the assumptions required for the numerical solution of the multiphase flow equations?",3
"Calculate the total porosity of a sandstone reservoir with a matrix density of 2.65 g/cm3 and a fluid density of 0.9 g/cm3 using the equation: \phi_t = \frac{\rho_f - \rho_m}{\rho_f - \rho_w} * 100, where \phi_t is the total porosity, \rho_f is the fluid density, \rho_m is the matrix density, and \rho_w is the water density (approximately 1.0 g/cm3). Assume \rho_w = 1.0 g/cm3.",1
"Assuming a water cut of 30% and a gas-oil ratio of 2500 scf/stb, calculate the gas volume produced per day for a well producing 1000 bbl/day of crude oil at 140°F and 14.7 psia. The compressibility factor (z-factor) is 0.85 at this condition. Use the ideal gas law to derive the equation of state and include the necessary unit conversions.",3
"Determine the optimal range for the fractional flow factor (FFF) in a gas-lifted well, considering the compressibility factor (Z) of 1.2 and the gas-oil ratio (GOR) of 6000 scf/stb.",3
"Derive the volumetric sweep efficiency equation for a waterflooding operation in a homogeneous reservoir, assuming a uniform injection rate and a constant reservoir porosity of 0.25. The reservoir has an average permeability of 100 mD and an average reservoir pressure of 3000 psi.",1
"Design a separation train with a high-efficiency gas-oil separator (GOS) and a low-velocity gas knockout (LVGK) drum for a 50,000 bbl/day oil processing facility. Assume a feed gas flow rate of 500 MMscfd and a feed oil temperature of 120°F. Design the separation train to meet API 660 and ISO 10423 standards. Consider using a two-phase separator design to ensure proper separation and liquid handling. Provide a detailed description of the separation train design, including calculations for vessel sizing, tray design, and packing. Ensure that the design is compliant with industry standards and best practices.",3
"What are the key differences between primary and secondary gas lift, and how do these differences impact the selection of gas lift equipment and operations in a mature oil field with a complex wellbore geometry, where the wellhead pressure is around 1,200 psi and the reservoir pressure is approximately 2,500 psi, and the gas lift installation will be designed according to API Standard 11SAM, and the calculations will involve unit conversions, such as converting the gas lift rates from standard cubic feet per minute (scfm) to actual cubic feet per minute (acfm), while adhering to the industry standards and regulations, and providing a step-by-step explanation of the design process, including the formulas used for calculating the gas lift rates, and the importance of considering the wellbore geometry and the reservoir pressure when designing the gas lift system, and the potential risks and consequences of inadequate gas lift design, such as reduced production rates, increased costs, and even wellbore damage.",3
"Develop a comprehensive risk assessment matrix for a subsea well intervention operation, incorporating factors such as weather conditions, water depth, and equipment failure probabilities, adhering to API RP 75 guidelines and ISO 17776:2019 standards.",2
"Design a production facility for a North Sea oil field with an expected production rate of 50,000 barrels of oil per day and 20 MMSCFD of gas, while adhering to the API 650 standard for tank design and ensuring a 99.99% uptime for the entire facility.",3
"Design a well intervention strategy for a horizontal well with a 12.25-inch casing and 10.00-inch tubing, incorporating a full-gauge pressure-activated safety valve to minimize risk and ensure effective communication between wellbore and surface equipment during a stimulation treatment.",2
"Design a well intervention plan for a horizontal oil well with a total depth of 10,000 feet, using a coiled tubing unit with a 2.5-inch diameter and a 100-meter-long string of electric line. Assume the wellbore is a 7-inch, 22-lb/ft liner, and the operator requires the intervention to be conducted within 5 days, with a 50% of the time the intervention plan should accommodate for the genders and identities of the individuals involved in the planning process.",2
"Given a homogeneous reservoir with an initial oil saturation of 0.7, an average permeability of 500 mD, and a total compressibility of 3.4e-4 1/psi, estimate the transient reservoir pressure behavior using the Ramey-Duke model and compare it with the radial flow solution.",1
"An oil reservoir with an average porosity of 0.15 and a water saturation of 0.3 is producing at a rate of 500 barrels per day. Assuming a reservoir compressibility of 3.5 x 10^-6 psi^-1, calculate the reservoir pressure decline rate (ΔP/Δt) using the first-order decline model.",1
"Design a natural gas processing facility to separate and treat 100 MMSCFD of rich gas feed, considering API 614 standards for mechanical seal design and ASME B31.3 for piping codes. The facility should include a gas/liquid separator, demethanizer column, and a fuel gas system. Assume a pressure drop of 10 psi per 100 feet of piping and a maximum allowable working pressure of 1500 psi. Ensure compliance with OSHA regulations for safety and health standards.",4
Analyze the effect of non-Darcy flow on the total pressure drop in a horizontal wellbore with a non-Newtonian fluid exhibiting pseudo-plastic behavior under varying flow rates and reservoir permeability.,1
"Develop a detailed design for a condensate stabilization unit with a capacity of 50,000 barrels per stream day, utilizing a combination of gravity separation, absorption, and stripping processes to achieve a gas oil ratio of 2000 scf/bbl. Ensure the unit's overall heat transfer coefficient is minimized, and the cost of construction is optimized. Use the Enhanced Oil Recovery (EOR) process as a reference for the thermodynamic properties of the reservoir fluids.",3
"Calculate the maximum allowable working pressure (MAWP) of a subsea production manifold, taking into account the design pressure (DP), the pressure rating of the materials (PRM), and the corrosion allowance (CA) as per API 6A, assuming a 10-year design life and a water depth of 1500 m with a 5% corrosion allowance and calculate the resulting pipe wall thickness.",6
"The proposed wellsite ELSA will require a detailed risk assessment to be conducted in accordance with API RP 75 to ensure that the site is safe for drilling operations. The assessment will need to consider factors such as geohazards, traffic routing, and environmental sensitivities. However, the current geological model of the site is based on a 2D seismic survey, which may not accurately capture the subsurface structure. Therefore, we recommend conducting a 3D seismic survey to provide a more accurate representation of the site's geology.",6
"Given a vertical well in a homogeneous, isotropic reservoir with a constant porosity of 0.2 and permeability of 100 mD, and a fluid viscosity of 1 cp, determine the skin factor (S) using the van Everdingen-Hurst method for a drawdown of 100 psi.",1
"Design a water injection system for a mature oil field with a daily production rate of 20,000 barrels, where the water cut is 80% and the viscosity of the oil is 40 cP at 100°F. Ensure the system adheres to API 11S1 standards and includes a heat exchanger to maintain a temperature of 120°F.",3
"Design a primary depletion strategy for a mature oil reservoir with a current production rate of 1500 bbls/day, a reservoir porosity of 25% and a permeability of 50 mD, assuming a total reservoir volume of 1.2 Mmbbls and a current water cut of 20%",1
"What are the implications of using coiled tubing as a workover string in a depleted reservoir with a high viscosity crude oil, considering the effects of thermal expansion on the tubing's integrity and the necessary adjustments to the pumping schedule?",2
"A detailed explanation of the material balance equation in reservoir engineering, including the derivation of the equation and its application in estimating in-place volumes.",1
"Given a production rate of 5000 barrels per day, a reservoir pressure of 2000 psi, and a tubing head pressure of 500 psi, calculate the available energy for a gas-lift system using the Nikaido's method, assuming a gas compressibility factor of 0.85, a tubing diameter of 4.5 inches, and a gas flow rate of 500 Mscfd. Compare the results to the required energy for a 3-phase separator design using the API 12J standard.",3
"Design a centralized gas processing plant to handle 500 MMSCFD of raw gas from a offshore platform, with the objective of producing 300 MMBtu/hr of sales gas, 100 MMBbl/yr of LPG, and 200 MMBtu/hr of LNG, while meeting API 614 and ASME B31.3 design standards.",4
"A multistage pumping system is employed in a high-temperature, high-pressure oil reservoir to enhance production. The system consists of a surface separator followed by a series of downhole pumps with a high horsepower rating. The fluids exhibit non-Newtonian rheology, and the flow rate is influenced by the radial momentum equation. Assuming a power-law fluid model and neglecting the inertia term in the Navier-Stokes equations, derive the pressure drop along the tubing string in terms of the pipe's diameter, fluid's consistency index, and the pumping rate.",3
"The design of a new gas processing plant requires consideration of the dew point pressure of the wet gas stream. Given that the gas temperature is 120°F and the partial pressures of methane, ethane, and propane are 250 psi, 50 psi, and 20 psi, respectively, determine the dew point pressure of the wet gas stream.",3
"Given a wellbore trajectory represented by a set of 3D points in Cartesian coordinates, develop a computational algorithm to estimate the maximum drilling mud weight required to maintain wellbore stability in a heterogeneous formation with varying lithostatic stress and pore pressure profiles.",6
"What are the implications of applying a commodity price elasticity model to a complex oil and gas production system, considering the impact of price volatility on the economic performance of the system, and how can we use sensitivity analysis to quantify the effect of changes in oil prices on the net present value (NPV) of the project?",0
"What is the relationship between porosity and permeability in a reservoir, and how do these properties affect the estimation of oil and gas reserves?",1
"The subject of Thermal Stability of Oilfield Chemicals in Elevated Temperature Conditions is a pivotal concern in hse operations. Discuss the interplay between chemical degradation rates and thermal energy inputs, highlighting the significance of thermodynamic property adjustments in a thermogravimetric analysis.",5
"Analyze the feasibility of conducting a coil tubing operation in a depleted well with a bottomhole pressure of 500 psi and a perforated interval of 10 feet, considering the tubing's internal diameter and the well's geometry.",2
"Design a pressure control system for a deepwater wellhead, considering the API 17D standard for subsea equipment. The well is located at a depth of 10,000 ft with a bottomhole pressure of 10,000 psi. The system must include a BOP (Blowout Preventer) stack, a Christmas tree, and a choke manifold. Ensure that the system can withstand a maximum internal pressure of 15,000 psi and a temperature of 150°C.",6
"Design a well intervention strategy to prevent formation damage during gas well perforation, considering the high-risk factors of sand production and wellbore instability in the unconsolidated sandstone reservoir with an average porosity of 30% and a permeability of 100 mD.",2
"Derive the optimal reserve replacement rate (R) for a mature oil field using the deterministic model, considering the reserve growth factor (G) of 0.15, the initial proven reserves (P) of 50 million barrels, and a time horizon (t) of 10 years, while maintaining a cumulative present value (CPV) of $100 million.",1
"What is the relationship between porosity and permeability in a homogeneous isotropic rock, and how do they affect oil recovery in a waterflooded reservoir?",1
"Given a non-linear reservoir model with a specific rock type distribution and a set of production data, derive the equations for a univariate kriging estimation of the reservoir's average permeability, assuming the model's geometry is represented by a 3D Cartesian coordinate system.",1
"Estimate the present value of a 5-year project with a 12% discount rate, given a levelized cost of capital (LCOVC) of $120M and an initial investment of $300M. Also, the project has a terminal value equal to 50% of its initial investment, and the expected annual cash flows are increasing by 2% each year.",0
"What are the critical safety considerations for designing a high-pressure, high-temperature (HPHT) well in a deepwater environment, and how do they impact the selection of materials and equipment for the well's completion and production phases?",5
Analyze the effect of permeability on reservoir performance and calculate the average porosity of a sandstone rock with a permeability of 100 mD and a porosity range of 10-30%. Use the correlation between permeability and porosity for sandstone rocks: k = 0.1 * φ^2.5.,1
"Given a wellbore trajectory represented by a set of parametric equations in cylindrical coordinates, derive a mathematical expression to calculate the instantaneous drilling rate of penetration (DRP) in cubic meters per minute, assuming a constant drill bit rotational speed and a given mud weight. Provide a Python code snippet to implement this calculation, and include a step-by-step explanation of the underlying mathematical model. Include the necessary unit conversions and assumptions.",6
"Determine the impact of non-Darcy flow on the pressure drop in a vertical wellbore, considering the effect of the wellbore radius on the pressure loss due to the non-Newtonian behavior of the fluid. Assuming a wellbore radius of 0.1 meters, a fluid viscosity of 10 mPa.s, and a flow rate of 100 m3/day. Use the Forchheimer equation to derive a mathematical model for the pressure drop and apply it to the given conditions. Provide a numerical solution and discuss the results.",6
"What are the primary considerations for implementing a managed pressure drilling (MPD) operation in a deviated well with a high angle of incidence? Specifically, how does the wellbore stability and formation integrity impact the MPD design? Provide a detailed explanation of the relevant factors and parameters that influence the MPD operation in such a scenario.",6
"Calculate the Net Present Value (NPV) of an oil field investment, assuming a 20% discount rate, 10-year investment project has an initial outlay of $100 million, annual operating expenses of $10 million, and expected annual cash inflows of $15 million in year one, increasing by 5% annually thereafter. Please account for any tax benefits or costs, and provide a sensitivity analysis for a range of ± 10% in the discount rate and the expected annual cash inflows. Can you derive the formula for the NPV and explain how you applied it in this scenario? Include unit conversions and assumptions.",0
"Determine the pressure loss due to friction in a 10-inch diameter, 5 km long, horizontal wellbore with a flow rate of 1000 bbl/day and a fluid viscosity of 2.5 cP, assuming a turbulence factor of 1.05.",6
"Analyze the optimal production strategy for a depleted gas reservoir with a permeability of 50 mD, porosity of 20%, and a current production rate of 10 MMscfd. Consider the impact of water injection on the reservoir pressure and gas production rate. Assume a reservoir temperature of 180°F and a reservoir depth of 12,000 ft. Use the material balance equation to derive the equation of state for the reservoir fluid properties and calculate the ultimate recoverable gas reserves.",1
"Given a heterogeneous porous media with a permeability distribution of K(x,y,z) = 100 + 0.5*sin(3.14*x/10) + 0.2*cos(2.5*y/5) + 0.1*sin(1.57*z/2), and a porosity distribution of φ(x,y,z) = 0.3 + 0.05*sin(2*3.14*x/10) + 0.02*cos(4*2.5*y/5) + 0.01*sin(3.14*z/2). Determine the Effective Permeability (Ke) and Effective Porosity (φe) of the system using the Kozeny-Carman equation and the arithmetic mean method, assuming a unidirectional flow in the x-direction. Consider the tortuosity (α) of the system to be approximately 1.5. Please derive the respective formulas and provide a computational example to calculate Ke and φe.",1
"Considering a well with a vertical profile, what is the effect of a horizontal pressure gradient on the reservoir drainage pattern, and how would you apply the concept of material balance to quantify the impact of such a gradient on the well's deliverability?",1
"The oil and gas industry is heavily regulated by bodies such as the International Organization for Standardization (ISO) and the American Petroleum Institute (API), which establish guidelines for well control and blowout prevention to ensure the safety of personnel and the environment. However, in certain emergency situations, such as a well blowout, operators may need to deviate from standard procedures to prevent loss of life and minimize environmental damage. This requires a deep understanding of well control principles and the ability to adapt to changing circumstances.",5
"Given a 3-phase oil production system with a total flow rate of 1000 m3/day and a gas-oil ratio of 150 m3/m3, determine the daily oil production rate using the gas-oil ratio method, assuming the system is operating at a steady state and the oil properties are well-mixed.",3
"What are the implications of wellbore instability on the design of the primary cementing operation for a horizontal well drilled in a shale reservoir, taking into account the effects of non-Darcy flow and formation damage?",6
"Determine the optimal well spacing for a shale gas reservoir using the average drainage area method, considering a reservoir width of 300 meters and a total depth of 4000 meters, with a total porosity of 0.15. Assume the reservoir is a tight gas formation with an average permeability of 0.01 md, and an average gas saturation of 0.8. Use the API 61 standard for well spacing calculation.",1
"Calculate the required amount of friction reducer to be added to the wellbore fluids for a nitrogen lift operation, given that the well has a tubing diameter of 4.5 inches, the fluid viscosity is 20 cp, and the flow rate is 1000 bbl/day. Consider the friction factor calculation in terms of the Reynolds number and the relative roughness of the tubing. Ensure that the calculations adhere to the SPE/IPEC Recommended Practice 1989 for nitrogen lift operations. Provide a step-by-step solution, including the relevant formulas and equations, to assist the operator in determining the required friction reducer quantity.",3
"A semi-analytical model for calculating the pressure drop across a horizontal well with a non-Darcy flow regime is proposed, taking into account the effects of turbulence and the near-wellbore flow regime. The model assumes a laminar flow profile in the near-wellbore region and a turbulent flow profile further away from the wellbore. The pressure drop is calculated using the Darcy-Weisbach equation and the non-Darcy flow coefficient. The model parameters include the wellbore radius, permeability, fluid viscosity, and flow rate. The model is validated against experimental data and shows good agreement. However, the accuracy of the model is sensitive to the non-Darcy flow coefficient, which is difficult to measure. The model can be used to optimize well placement and perforation design.",1
"Design a drilling mud system for a 20,000 ft deep well in a high-pressure, high-temperature environment with a predicted temperature gradient of 2.5°F/100 ft and a predicted pore pressure gradient of 0.8 psi/ft. The wellbore will intersect with a high-angle, directional section with a total curvature of 60 degrees and a wellbore radius of curvature of 10,000 ft. Assume a mud weight of 12.0 ppg and a barite volume of 10 bbls/ft. The drilling operation will be performed using a rotary steerable system with a bit size of 12 1/4 inches and a rotary speed of 120 rpm.",6
"Develop a mathematical model to optimize the gas lift performance in a vertical oil well with a production rate of 500 barrels per day, considering the well's geometry, fluid properties, and surface pressure constraints, adhering to API standards for gas lift design.",3
"Derive the required torque to rotate a drill bit with a diameter of 24 inches and a length of 30 feet, given that the drill bit has a moment of inertia of 1000 slug-ft^2 and is rotating at a constant angular velocity of 10 rad/s. Assume the viscosity of the drilling fluid is approximately 10 cP and the shear rate of the fluid is 10 s^-1. Utilize the Bingham plastic model to describe the drilling fluid's behavior and determine the power required to overcome the fluid's resistance.",6
"What are the safety implications of applying a well intervention technique involving acid stimulation to a reservoir with a high partial molal volume of CO2, in the context of reducing wellbore pressure and minimizing CO2 seepage?",5
"Develop a mathematical model to optimize the drilling parameters of a directional well in a heterogeneous reservoir with anisotropic permeability, considering the effects of stress-dependent permeability and non-Darcy flow. Assume a closed-form solution for the pressure distribution in the wellbore and derive an expression for the optimal drilling rate as a function of the wellbore pressure and the formation stress.",6
"Design a natural gas processing facility to separate ethane, propane, and butane from a raw gas stream with a flow rate of 100 MMSCFD, and specify the required cryogenic distillation column diameter and height based on the minimum reflux ratio and column efficiency.",4
"The pressure-temperature superposition principle, as applied to reservoir engineering, relies on the notion that the stress-strain behavior of a viscoelastic material can be modeled using the Boltzmann superposition integral. However, when incorporating the effect of temperature, a shift in the pressure axis is required, which introduces a thermal expansion coefficient to account for the material's response to temperature changes. Derive the mathematical expression for the thermal expansion coefficient, assuming the material exhibits a linear viscoelastic behavior, and incorporating the Arrhenius activation energy.",1
"Determine the optimal drilling fluid density for a horizontal wellbore in a shale gas reservoir with a moderate overbalance pressure, considering the effects of frictional heat generation and annular pressure buildup. The wellbore trajectory is a sinusoidal curve with an average radius of 8.5 inches and a maximum curvature of 2.5 inches, while the reservoir has a porosity of 0.25 and a permeability of 0.012 md. Assume the drilling fluid has a viscosity of 18 cP and a specific gravity of 1.075, and the well's production rate is 600,000 scf/d.",6
"Given a compressible fluid flow through a porous media, derive the equation for the real-gas pseudo-critical properties using the Soave-Redlich-Kwong equation of state, and subsequently, apply it to estimate the gas compressibility factor of a CO2-rich gas mixture at 100 bar and 40°C, considering the non-ideal behavior.",1
"Design a produced water handling system for a offshore oil platform, ensuring compliance with API 12J standards, to minimize the environmental impact and optimize water treatment efficiency.",4
"The implementation of a real-time optimization (RTO) framework for a production optimization system requires the integration of advanced algorithms, such as model predictive control (MPC) and dynamic data reconciliation (DDR), to minimize the gap between predicted and actual production rates. However, the complexity of the system's dynamic behavior necessitates the consideration of nonlinear relationships and interactions between variables, which can be challenging to model accurately. Considering the operational constraints and the need to optimize production rates, what is the theoretical foundation for incorporating nonlinear dynamics into the RTO framework?",3
"Given a horizontal wellbore in a homogeneous, isotropic, and incompressible reservoir, derive the mathematical expression for the pressure distribution along the wellbore using the pressure diffusion equation and assuming a uniform flux boundary condition at the wellbore radius.",1
"Determine the optimal production rate for a gas condensate well in a low-permeability reservoir, assuming a formation volume factor of 1.2 rbbl/STB, a gas-to-liquid ratio of 200 scf/STB, and a bottom-hole pressure of 1500 psi. Consider the effects of gas expansion on the production rate.",3
"A production team is considering the implementation of a new water management strategy for a mature oil field characterized by high water-cut rates and heterogeneity in the formation properties. The team has evaluated two different water treatment options: membrane separation and chemical treatment. Assuming a water cut of 80% and a gas-oil ratio of 3000 scf/stb, estimate the required membrane area for the membrane separation process using the permeate flux equation: A = (Qw * Lp) / (ΔP * Jp). Where A is the membrane area, Qw is the water flow rate, Lp is the permeate flux, ΔP is the transmembrane pressure, and Jp is the permeate flux.",1
"A radial composite model is being considered for the simulation of a fractured carbonate reservoir with a moderate matrix permeability and high fracture permeability. Determine the equivalent homogeneous permeability of the reservoir by applying the Kozeny-Carman equation for the entire radial composite system, given the permeability of the matrix (k_matrix = 1.5 mD), the permeability of the fractures (k_fracture = 1000 mD), the porosity of the matrix (phi_matrix = 0.25) and the porosity of the fractures (phi_fracture = 0.05). The reservoir has a total thickness (H = 100 m). Use the parameters of the reservoir and the Kozeny-Carman equation to calculate the equivalent homogeneous permeability (kh) as a function of the radial distance (r) from the wellbore.",1
"Determine the optimal water cut and gas-oil ratio for a mature offshore oil field with a complex geology, using a combination of machine learning and numerical methods to predict reservoir performance and identify areas for potential waterflood implementation.",1
"Optimize the drilling mud weight and yield point for a horizontal well in a low-pressure, low-permeability carbonate reservoir using a non-Newtonian fluid model, considering the effects of turbulence and non-Darcy flow on the pressure drop and heat transfer coefficients.",6
"Consider a horizontal well with a total measured depth of 3000 meters, completed in a 200-meter thick reservoir layer with an initial reservoir pressure of 70 bar. Calculate the total reservoir volume (Vt) using the equation Vt = 0.785 \* D^2 \* H, where D is the wellbore diameter and H is the net pay thickness. Assuming a wellbore diameter of 0.15 meters and a net pay thickness of 150 meters, what is the total reservoir volume? Additionally, if the initial reservoir pressure is 70 bar, what would be the reservoir pressure at the end of the wellbore using a linear flow model with a wellbore radius of 0.075 meters and a wellbore length of 3000 meters?",1
"The recent assessment of the wells' thermal-hydraulic properties using the machine learning approach has led to the identification of a new risk mitigation strategy for the well control of complex hydrocarbon fluids. This strategy involves the development of a predictive model that incorporates the effects of temperature and pressure on the fluid's viscosity and density, which in turn affects the well's efficiency and safety. In this context, the implementation of a real-time monitoring system could provide crucial information for the identification of potential issues and proactive measures. A thorough analysis of the potential risks associated with the wells' thermal-hydraulic properties is crucial to ensure the well control and safe production of hydrocarbon fluids.",1
"Considering the formation stress anisotropy and the non-Newtonian behavior of drilling fluids, derive the mathematical formulation for the borehole pressure profile in a directional well, incorporating the effects of azimuthal and lateral variations in wellbore tortuosity.",6
"Determine the optimal water injection strategy for a depleted oil reservoir with a high water-cut rate, considering the effects of capillary pressure and gravitational segregation on the displacement efficiency.",1
"Optimize the production strategy for a mature oil field with a declining well inventory, considering the impact of increased water cut on reservoir pressure and fluid flow dynamics, utilizing a combination of numerical simulations and machine learning algorithms to predict future production rates and identify opportunities for enhanced oil recovery (EOR) techniques.",3
"Optimize the design of a seawater injection system for a subsea production facility, considering the API 650 tank design standards and the ISO 13623 requirements for offshore production facilities.",4
"Develop a risk assessment framework for offshore drilling operations that integrates the API RP 75 standard for risk management of drilling and well operations, incorporating the failure modes and effects analysis (FMEA) methodology to identify potential hazards and mitigate their consequences.",6
"Given a gas well with a constant production rate of 2000 m3/day and a total compressibility of 3.5*10^(-5) 1/psi, calculate the reservoir pressure at 4000 ft depth, assuming a reservoir temperature of 150°F and a gas deviation factor of 1.1",1
"A downhole drilling assembly consisting of a rotating drill bit and a motorized drill string, suspended within a wellbore, experiences a dramatic increase in temperature and pressure as it traverses through a geothermal anomaly, resulting in a thermal expansion coefficient of 12.5 μm/m°C, causing the drill bit to expand by approximately 0.025 inches. Assuming an axial stiffness of 500 N/mm and a Young's modulus of 200 GPa, derive the equation to calculate the resulting axial stress.",6
"Design a hydraulic fracturing treatment plan for a mature oil well with a constrained geological model, incorporating a multi-stage, multi-fracture configuration, and considering the interaction between the wellbore and the surrounding formation.",1
"Given a hydrocarbon reservoir with an initial pressure of 3000 psia, an initial temperature of 180°F, and a total compressibility of 2x10^-4 1/psi, calculate the reservoir's pore volume, assuming a gas reservoir with a molar gas compressibility of 0.8x10^-5 1/psi and a total compressibility of 2x10^-4 1/psi. Consider the reservoir's net thickness of 100 ft and porosity of 0.25. Use the following equation: Vp = (h * φ * (P_i + ΔP) / (Z * Z_i), where ΔP is the incremental pressure drawdown.",1
"What are the implications of the 2020 COVID-19 pandemic on the global oil demand, particularly in the context of the world's largest oil-consuming nations, such as China, the United States, and India, and how might this impact the pricing of Brent and WTI crude oil?",0
"Determine the optimal drilling mud density for a well in the North Sea, considering the reservoir depth of 10,000 ft, pore pressure coefficient of 0.85, and shale fracture gradient of 0.75 psi/ft. Assuming the wellbore radius is 8.5 in, and the mud weight is 12.5 ppg. Also, the formation strength is 3000 psi. How would you estimate the safe mud weight range using the modified versions of the Bingham model, taking into account the effects of the Biot coefficient (Biot coefficient = 1.2)?",6
"Analyze the implications of non-Darcy flow on the productivity index of a high-permeability gas reservoir with a non-linear gas compressibility factor. Assuming a pseudo-steady state condition, derive an expression for the PI in terms of the flow rate, reservoir permeability, viscosity, and gas compressibility.",1
"Design a piping layout for a new offshore production platform, taking into account the flow rates of the production wells, the pressure drop across the pipelines, and the available space on the platform. Consider using a network analysis to optimize the piping configuration and minimize the risk of blockages.",4
"Given a wellbore trajectory described by a set of radial and angular coordinates, derive a mathematical expression for the total curvature of the wellpath, incorporating both the wellbore deviation and the wellbore azimuth.",6
"Given a non-Newtonian fluid exhibiting Bingham plastic behavior with a yield stress of 20 Pa and a plastic viscosity of 0.5 Pa*s, determine the maximum stable flow rate through a wellbore with an inner diameter of 0.1 m and a length of 1000 m, assuming a pressure gradient of 100 Pa/m and a shear rate of 10 s^-1. Utilize the modified power-law model to derive the required flow rate.",6
"What are the key design considerations for a gas processing plant with a capacity of 500 MMSCFD, including the selection of equipment and materials to minimize corrosion and ensure safe operation?",4
"The proposed solution to the current well intervention issue involves utilizing a high-pressure, high-temperature (HPHT) coiled tubing string with a specialized fluid system to perform a controlled, chemical-enhanced thermal treatment (CETT) to dissolve the calcium carbonate-based scaling material. However, to ensure the success of this operation, it's crucial to determine the impact of increased system pressure on the efficiency of the treatment process, as the increased pressure may potentially exacerbate the problem by causing the formation to flow more rapidly, thus necessitating more frequent and extensive CETT treatments.",2
"Given a radial mesh with 1000 nodes and 1500 elements, derive the analytical solution for the pressure distribution using the radial Poisson equation, and compare the results with the finite element solution obtained using COMSOL Multiphysics, assuming a homogeneous, isotropic reservoir with a permeability of 200 mD and a porosity of 0.2. How do the differences in pressure distribution between the analytical and finite element solutions impact the accuracy of the reservoir simulation?",1
"To ensure safe well control during drilling operations, we must consider the effects of wellbore stability on pressure and temperature gradients, taking into account the thermal expansion of the drillstring and the compressibility of the wellbore fluid. What mathematical model can be used to describe the coupled effects of temperature and pressure on wellbore stability?",6
"Design a water injection system for a mature oil field with a high water cut, ensuring a minimum of 80% water injection efficiency and maximum of 10% energy consumption, considering the API 650 tank design standards and utilizing a pump with a maximum head of 500 ft. Discuss the implications of using a centrifugal pump versus a positive displacement pump for this application.",1
"Derive the formula for the equivalent circulating density (ECD) of a drilling fluid in terms of its specific gravity and the weight of a column of fluid extending from the mud pit to the drill bit, assuming a constant mud weight of 14.5 ppg and an overburden pressure of 10,000 psi. Considering the hydrostatic head of the fluid column, calculate the pressure increase due to a 50 ft increase in well depth. Ensure your derivation adheres to API RP 13D and accurately reflects the effects of hydrostatic pressure on drilling fluid behavior.",6
"Given a gas well producing at a rate of 1000 Mscf/d, with a reservoir temperature of 180°F and a pressure of 2500 psia, determine the Z-factor using the Standing-Katz chart and subsequently calculate the gas volume factor at the surface conditions of 100°F and 1500 psia.",1
"Given a hydrocarbon reservoir with an initial oil-in-place of 100 million barrels, an initial reservoir pressure of 3000 psi, and a reservoir temperature of 180°F. Using the Arps' pressure-volumetric relationship, derive an equation to describe the reservoir's pressure behavior as a function of the cumulative oil production.",1
"Given a hydrocarbon reservoir with an initial gas cap, calculate the expected total gas-oil ratio (GOR) at a pressure of 2000 psi and a temperature of 120°F using the Standing-Katz correlation.",1
"What are the implications of using a non-Newtonian fluid rheology model for simulating downhole circulation pressure losses during extended-reach drilling operations, considering the effects of temperature-dependent fluid viscosity and shear rate on pressure drop?",6
"Assuming a vertical, homogeneous, and isotropic reservoir with a porosity of 0.2, a permeability of 500 mD, and a water saturation of 0.3, determine the effective permeability of the oil phase using the Corey's law correlations for a drainage radius of 1000 ft and water injection rate of 1000 bbl/day. Assuming the oil viscosity is 2.5 cp and the water viscosity is 0.8 cp, and using the Stone's II model for the residual oil saturation, calculate the oil production rate at 2000 ft drainage radius with a water injection rate of 1500 bbl/day.",1
"Design a flare system for a gas processing plant with a maximum flow rate of 100 MMSCFD and a pressure drop constraint of 10 psi. Assume the flare system consists of a flare stack, a quench chamber, and a pilot flame. Use the API 521 standard for flare design and ensure compliance with OSHA regulations.",4
"Analyze the impact of changing the sand control screen size from 0.0625 inches to 0.0475 inches on the overall production rate and well integrity for a subsea oil well located at a depth of 8000 feet, using the API RP 38C standard.",6
"Design a centrifugal gas separation system for a new offshore production platform, ensuring the process meets API 661 standards for gas-liquid separation and minimizes energy consumption. The platform will be processing 10 MMSCFD of gas, with a gas composition of 90% methane, 5% ethane, 3% propane, and 2% butane. The system should be designed to handle the maximum gas flow rate and meet the required specifications. Please provide detailed calculations, diagrams, and recommendations for the equipment selection.",4
"Analyze the impact of non-Darcy flow on the pressure drop across a 5-inch production tubing string, given a flow rate of 3000 bbl/day and a roughness factor of 0.45. Consider the effects of fluid viscosity and tubing material on the pressure drop calculation.",6
"To estimate the total recoverable oil (TRO) from a conventional oil reservoir, we can use the Arps method. However, this method assumes a constant recovery factor over time. Considering the complex nature of secondary recovery in a heterogeneous reservoir, the Arps decline curve may not accurately predict the oil production. We need to consider the effects of water injection and the corresponding changes in the reservoir's pressure and temperature profiles. Can you derive the formula for calculating the TRO using the Arps decline curve, considering the effects of secondary recovery?",1
"Design a water injection project for a depleted oil reservoir with a permeability of 150 md, a porosity of 25%, and a current water cut of 70% in a well with a production rate of 2000 BOPD.",1
